,PLAYER,TEAM,AGE,GP,W,L,MIN,PTS,FGM,FGA,FG%,3PM,3PA,3P%,FTM,FTA,FT%,OREB,DREB,REB,AST,TOV,STL,BLK,PF,FP,DD2,TD3,+/-
1,Chris Livingston,MIL,20,8,5,3,24.9,9,4,5,80,1,1,100,0,0,0,1,6,7,3,1,1,0,2,24,0,0,14
1,Drew Eubanks,PHX,26,29,14,15,481.7,174,70,118,59.3,2,2,100,32,41,78,40,84,124,31,34,10,29,55,452,0,0,-103
1,Drew Peterson,BOS,24,1,1,0,2.5,3,1,1,100,1,1,100,0,0,0,0,0,0,1,0,0,0,1,5,0,0,2
1,Garrett Temple,TOR,37,6,1,5,19.1,11,4,5,80,1,1,100,2,2,100,0,2,2,3,0,1,0,0,21,0,0,12
1,Jordan Miller,LAC,23,3,3,0,11.8,5,2,3,66.7,1,1,100,0,0,0,0,1,1,0,1,0,0,2,5,0,0,-7
1,Leonard Miller,MIN,20,4,3,1,10.7,9,4,5,80,1,1,100,0,0,0,0,7,7,1,0,0,0,1,19,0,0,-6
1,Nic Claxton,BKN,24,24,10,14,660.2,278,119,193,61.7,1,1,100,39,65,60,72,158,230,43,20,10,59,57,806,9,0,-122
8,Nate Hinton,HOU,24,5,3,2,26.3,12,4,9,44.4,4,5,80,0,0,0,2,3,5,1,1,0,0,5,19,0,0,-1
9,Jordan Ford,SAC,25,6,2,4,21.8,12,4,7,57.1,2,3,66.7,2,2,100,0,2,2,2,1,0,0,0,16,0,0,14
9,Ryan Rollins,WAS,21,10,1,9,65.9,41,13,25,52,2,3,66.7,13,17,76.5,2,9,11,11,7,8,3,7,97,0,0,57
11,Mo Bamba,PHI,25,20,15,5,158.2,78,29,51,56.9,8,13,61.5,12,16,75,24,33,57,9,12,5,11,21,196,0,0,14
12,Orlando Robinson,MIA,23,14,8,6,213.2,80,31,59,52.5,7,12,58.3,11,16,68.8,18,41,59,24,13,5,7,28,210,1,0,10
13,James Bouknight,CHA,23,5,0,5,28.3,22,8,15,53.3,6,11,54.5,0,0,0,1,5,6,3,1,0,0,1,33,0,0,0
14,Jalen Smith,IND,23,21,14,7,337.8,217,83,125,66.4,24,45,53.3,27,40,67.5,30,81,111,20,20,6,8,50,402,1,0,-12
15,Stanley Umude,DET,24,15,1,14,155.2,75,20,44,45.5,14,27,51.9,21,23,91.3,3,25,28,8,10,4,5,24,138,0,0,-43
16,Jae Crowder,MIL,33,9,5,4,240.4,73,25,47,53.2,16,31,51.6,7,12,58.3,4,31,35,15,4,7,3,14,164,0,0,-55
17,Dereon Seabron,NOP,23,5,2,3,52.4,14,4,13,30.8,1,2,50,5,6,83.3,1,6,7,4,0,2,1,4,37,0,0,27
17,Dwight Powell,DAL,32,31,17,14,450.7,143,49,67,73.1,1,2,50,44,54,81.5,48,58,106,42,12,14,11,60,396,1,0,-7
17,Dylan Windler,NYK,27,3,2,1,7.4,3,1,2,50,1,2,50,0,0,0,0,1,1,1,0,0,0,1,6,0,0,8
17,Isaiah Mobley,CLE,24,3,0,3,14.2,5,2,4,50,1,2,50,0,0,0,0,2,2,4,1,1,0,2,15,0,0,-6
17,Ish Smith,CHA,35,26,5,21,439.2,100,48,95,50.5,2,4,50,2,2,100,8,37,45,85,37,8,2,28,275,0,0,-147
17,Jordan McLaughlin,MIN,27,12,7,5,62.4,19,7,15,46.7,3,6,50,2,2,100,2,3,5,15,1,6,3,3,74,0,0,9
17,Justin Minaya,POR,24,6,0,6,38.4,7,2,6,33.3,2,4,50,1,2,50,4,1,5,0,1,0,1,2,15,0,0,-11
17,Keon Johnson,BKN,21,1,0,1,20.9,12,3,8,37.5,2,4,50,4,4,100,0,1,1,1,1,1,1,1,20,0,0,-18
17,Leaky Black,CHA,24,7,0,7,40,11,5,8,62.5,1,2,50,0,0,0,2,5,7,4,1,2,3,2,39,0,0,-9
17,Nikola Jovic,MIA,20,7,2,5,80.6,34,11,21,52.4,6,12,50,6,9,66.7,4,24,28,14,6,2,1,17,92,0,0,22
17,Patty Mills,ATL,35,7,3,4,66.8,15,5,14,35.7,5,10,50,0,0,0,1,6,7,5,3,1,1,8,34,0,0,-1
17,Robin Lopez,MIL,35,9,7,2,24.6,8,2,5,40,2,4,50,2,2,100,0,2,2,2,1,0,1,3,15,0,0,2
17,TyTy Washington Jr.,MIL,22,2,1,1,5.6,3,1,3,33.3,1,2,50,0,0,0,0,1,1,0,2,1,0,0,5,0,0,3
30,Nick Smith Jr.,CHA,19,17,4,13,211.5,105,40,87,46,23,47,48.9,2,2,100,7,11,18,14,10,1,7,19,162,0,0,-63
31,Aaron Wiggins,OKC,25,31,22,9,385.8,156,60,101,59.4,16,33,48.5,20,27,74.1,20,53,73,24,17,13,3,34,311,0,0,40
32,Kevin Durant,PHX,35,28,14,14,1039.1,836,290,552,52.5,61,128,47.7,195,223,87.4,11,164,175,169,95,25,32,50,1376,6,1,100
33,Aaron Nesmith,IND,24,31,18,13,788.3,360,129,247,52.2,67,141,47.5,35,50,70,26,75,101,33,28,36,23,103,680,0,0,-11
34,Matt Ryan,NOP,26,13,6,7,298.2,121,38,83,45.8,32,68,47.1,13,14,92.9,5,25,30,14,16,5,1,24,180,0,0,28
35,Nicolas Batum,PHI,35,22,16,6,519.7,128,45,84,53.6,30,64,46.9,8,12,66.7,20,59,79,47,11,12,14,38,360,0,0,179
36,Malik Beasley,MIL,27,32,22,10,949.4,373,135,279,48.4,95,203,46.8,8,12,66.7,21,114,135,44,19,25,4,67,669,1,0,143
37,Justin Holiday,DEN,34,19,11,8,294.1,84,32,63,50.8,20,43,46.5,0,0,0,4,24,28,23,5,13,1,25,189,0,0,45
38,Lonnie Walker IV,BKN,25,17,9,8,362.1,249,88,180,48.9,44,95,46.3,29,38,76.3,3,42,45,28,25,10,7,16,371,0,0,52
39,Grayson Allen,PHX,28,28,16,12,929.3,366,125,247,50.6,67,147,45.6,49,54,90.7,24,97,121,79,40,27,16,62,719,1,0,37
40,Mike Conley,MIN,36,32,24,8,941.9,368,123,267,46.1,76,167,45.5,46,49,93.9,12,79,91,197,35,32,5,54,849,2,0,175
41,Daniel Theis,LAC,31,22,17,5,363.9,155,61,118,51.7,10,22,45.5,23,31,74.2,32,42,74,16,15,8,18,53,331,0,0,-5
41,Kenrich Williams,OKC,29,22,17,5,343.2,107,42,86,48.8,20,44,45.5,3,10,30,16,44,60,37,4,12,3,37,276,0,0,82
43,Jamal Murray,DEN,26,21,16,5,623.3,413,152,324,46.9,54,119,45.4,55,62,88.7,12,69,81,130,38,19,16,38,772,3,0,151
44,Dante Exum,DAL,28,30,18,12,585.6,280,111,193,57.5,28,62,45.2,30,40,75,18,69,87,86,26,18,5,48,556,0,0,127
45,Norman Powell,LAC,30,32,20,12,818.8,427,149,295,50.5,62,138,44.9,67,76,88.2,5,69,74,33,30,19,13,63,631,0,0,83
46,Duncan Robinson,MIA,29,31,19,12,904.1,453,156,326,47.9,96,216,44.4,45,52,86.5,9,77,86,97,38,16,5,71,727,0,0,64
47,Donte DiVincenzo,NYK,26,33,18,15,702.8,351,122,260,46.9,82,185,44.3,25,34,73.5,24,73,97,60,32,37,11,60,669,0,0,-36
48,Doug McDermott,SAS,32,31,5,26,493.8,182,62,142,43.7,50,113,44.2,8,12,66.7,4,27,31,43,17,9,2,35,300,0,0,-140
49,Jacob Gilyard,MEM,25,20,5,15,310.6,76,26,61,42.6,23,52,44.2,1,1,100,6,14,20,59,13,11,2,19,215,0,0,-73
49,Marcus Morris Sr.,PHI,34,25,17,8,379,150,56,120,46.7,23,52,44.2,15,19,78.9,10,55,65,19,9,9,8,46,299,0,0,23
51,Garrison Mathews,ATL,27,21,9,12,248.5,59,20,45,44.4,19,43,44.2,0,2,0,4,18,22,7,7,7,3,35,119,0,0,-43
52,Alex Caruso,CHI,29,29,14,15,698.1,287,102,197,51.8,47,107,43.9,36,47,76.6,33,68,101,71,42,34,22,65,641,1,0,-19
53,Jeremiah Robinson-Earl,NOP,23,14,7,7,157,59,23,43,53.5,7,16,43.8,6,6,100,11,29,40,9,7,4,1,12,129,0,0,-26
54,Sam Merrill,CLE,27,19,11,8,237,124,42,99,42.4,37,85,43.5,3,4,75,6,22,28,23,7,4,1,21,200,0,0,19
55,Kyle Lowry,MIA,37,29,17,12,843.5,271,91,196,46.4,57,131,43.5,32,38,84.2,20,85,105,118,42,31,10,79,655,1,0,30
56,Jalen Williams,OKC,22,30,21,9,956,540,205,388,52.8,40,92,43.5,90,108,83.3,11,102,113,118,55,32,15,81,939,0,0,122
57,Lindy Waters III,OKC,26,12,9,3,94.6,41,14,31,45.2,13,30,43.3,0,0,0,1,9,10,7,1,0,1,8,66,0,0,23
58,Cason Wallace,OKC,20,33,23,10,711.6,229,89,166,53.6,35,81,43.2,16,19,84.2,16,53,69,51,16,20,14,58,474,0,0,67
59,AJ Green,MIL,24,21,17,4,151.1,64,22,50,44,19,44,43.2,1,1,100,3,13,16,13,0,0,0,17,103,0,0,36
60,Jalen Brunson,NYK,27,33,18,15,1185,844,297,641,46.3,91,211,43.1,159,194,82,23,108,131,206,79,35,6,71,1354,1,0,47
61,CJ McCollum,NOP,32,21,15,6,695.3,413,148,320,46.3,71,165,43,46,59,78,14,72,86,106,33,30,16,45,780,1,0,76
62,Andre Jackson Jr.,MIL,22,28,18,10,275.8,71,28,51,54.9,12,28,42.9,3,4,75,21,25,46,25,14,8,0,47,174,0,0,-26
62,Davis Bertans,OKC,31,11,8,3,82.3,41,9,23,39.1,9,21,42.9,14,15,93.3,2,8,10,8,1,2,2,10,76,0,0,31
62,Draymond Green,GSW,33,15,7,8,377.1,145,51,104,49,18,42,42.9,25,30,83.3,22,61,83,87,36,6,11,45,390,2,0,-48
62,MarJon Beauchamp,MIL,23,29,20,9,444.3,149,58,112,51.8,21,49,42.9,12,20,60,16,55,71,21,20,9,4,43,285,0,0,42
62,Marcus Sasser,DET,23,30,2,28,477.1,222,84,173,48.6,36,84,42.9,18,21,85.7,4,44,48,70,25,18,5,42,429,0,0,-113
62,Patrick Baldwin Jr.,WAS,21,9,1,8,52.5,17,5,16,31.3,3,7,42.9,4,4,100,2,9,11,3,1,0,1,5,37,0,0,5
68,James Harden,LAC,34,27,17,10,918.8,474,140,300,46.7,74,173,42.8,120,139,86.3,9,120,129,216,69,38,26,56,1076,7,0,138
69,Kawhi Leonard,LAC,32,28,18,10,966.1,682,254,487,52.2,65,152,42.8,109,125,87.2,30,136,166,100,42,45,19,40,1181,1,0,228
70,Tyus Jones,WAS,27,33,6,27,915.4,412,173,326,53.1,49,115,42.6,17,22,77.3,9,89,98,178,26,38,11,24,918,2,1,-264
71,Dorian Finney-Smith,BKN,30,31,14,17,901.4,308,114,257,44.4,72,169,42.6,8,10,80,62,94,156,38,23,23,15,68,643,0,0,-69
72,Tyler Herro,MIA,23,15,8,7,516.9,351,130,286,45.5,50,118,42.4,41,47,87.2,9,74,83,67,40,19,2,20,574,1,0,-19
73,Malcolm Brogdon,POR,31,25,9,16,708,404,146,332,44,58,137,42.3,54,69,78.3,18,71,89,143,36,20,4,33,761,4,0,-30
74,Trey Murphy III,NOP,23,12,8,4,323.7,177,58,123,47.2,33,78,42.3,28,33,84.8,4,44,48,20,8,9,4,14,296,0,0,109
75,Cameron Johnson,BKN,27,26,11,15,749.8,390,144,300,48,68,161,42.2,34,44,77.3,32,95,127,62,27,21,3,49,680,1,0,13
76,Derrick White,BOS,29,30,25,5,973.2,511,172,348,49.4,84,199,42.2,83,93,89.2,22,96,118,159,52,36,38,64,1061,2,0,309
77,Sam Hauser,BOS,26,33,26,7,736.1,280,97,214,45.3,78,185,42.2,8,10,80,26,90,116,33,16,15,9,48,525,0,0,119
78,Isaiah Joe,OKC,24,33,23,10,646.1,307,103,228,45.2,73,174,42,28,34,82.4,7,67,74,34,20,22,11,40,526,0,0,212
79,Seth Curry,DAL,33,25,15,10,332.6,124,42,109,38.5,26,62,41.9,14,16,87.5,12,28,40,23,11,15,3,23,250,0,0,62
80,Jrue Holiday,BOS,33,30,24,6,1035.5,388,147,324,45.4,57,136,41.9,37,46,80.4,49,147,196,144,60,27,24,51,932,6,0,209
81,Luguentz Dort,OKC,24,32,22,10,921.7,356,119,262,45.4,59,141,41.8,59,71,83.1,42,88,130,44,27,26,28,97,713,0,0,118
82,Jerami Grant,POR,29,28,9,19,975.9,620,210,458,45.9,68,163,41.7,132,163,81,20,89,109,74,67,19,21,65,915,1,0,-168
83,Cole Swider,MIA,24,5,1,4,32.6,21,8,16,50,5,12,41.7,0,0,0,1,1,2,3,1,1,1,1,33,0,0,2
84,Kentavious Caldwell-Pope,DEN,30,33,23,10,1060.5,330,117,256,45.7,49,118,41.5,47,53,88.7,15,55,70,88,32,46,18,66,706,0,0,285
85,Jalen Johnson,ATL,22,19,10,9,578.3,290,115,193,59.6,22,53,41.5,38,48,79.2,26,127,153,51,38,22,16,43,626,5,0,10
86,Brandin Podziemski,GSW,20,27,12,15,631.5,246,95,201,47.3,36,87,41.4,20,31,64.5,41,105,146,84,37,27,5,49,606,2,0,105
87,Aaron Holiday,HOU,27,29,16,13,525.5,205,75,171,43.9,38,92,41.3,17,19,89.5,9,48,57,51,22,15,3,50,382,0,0,73
88,Karl-Anthony Towns,MIN,28,31,23,8,1015.7,663,238,468,50.9,59,143,41.3,128,143,89.5,51,234,285,90,93,24,17,107,1170,15,0,151
89,Dru Smith,MIA,26,9,7,2,130.9,39,15,33,45.5,7,17,41.2,2,2,100,6,8,14,14,5,9,3,12,108,0,0,-43
90,Malik Monk,SAC,25,31,19,12,767,441,148,337,43.9,79,192,41.1,66,74,89.2,13,68,81,159,66,17,18,55,816,1,0,19
91,Stephen Curry,GSW,35,31,16,15,1040.1,855,270,589,45.8,146,356,41,169,184,91.8,16,119,135,142,96,26,12,59,1248,2,0,-32
92,Kelly Olynyk,UTA,32,32,14,18,701.8,260,95,170,55.9,25,61,41,45,50,90,47,126,173,151,56,29,10,86,755,2,0,-35
92,Luke Kennard,MEM,27,10,3,7,212.8,95,30,74,40.5,25,61,41,10,10,100,4,27,31,21,6,5,1,8,176,0,0,-17
94,LeBron James,LAL,39,31,15,16,1060,788,292,546,53.5,70,171,40.9,134,179,74.9,28,201,229,229,102,44,22,33,1502,10,2,59
95,Julian Champagnie,SAS,22,26,3,23,368,151,48,116,41.4,36,88,40.9,19,23,82.6,9,40,49,21,18,14,16,29,313,0,0,-135
96,Patrick Williams,CHI,22,35,15,20,961.1,356,133,290,45.9,47,115,40.9,43,56,76.8,40,99,139,51,40,31,29,64,739,0,0,21
97,Tyrese Haliburton,IND,23,30,18,12,1027.8,746,266,531,50.1,107,262,40.8,107,124,86.3,19,104,123,380,76,30,21,32,1541,25,1,148
98,Dillon Brooks,HOU,27,28,15,13,866.1,380,141,296,47.6,53,130,40.8,45,54,83.3,20,78,98,48,49,26,1,105,602,0,0,56
99,Chet Holmgren,OKC,21,33,23,10,983.8,575,212,390,54.4,57,140,40.7,94,113,83.2,51,196,247,86,60,22,87,87,1267,11,0,188
100,Joe Ingles,ORL,36,24,16,8,437.1,117,38,94,40.4,24,59,40.7,17,19,89.5,11,55,66,82,20,18,3,37,362,0,0,90
101,Eric Gordon,PHX,35,29,17,12,915.4,391,147,316,46.5,78,192,40.6,19,26,73.1,8,50,58,72,39,28,17,42,665,0,0,32
102,De'Andre Hunter,ATL,26,24,11,13,726.5,358,122,265,46,46,114,40.4,68,75,90.7,15,83,98,33,37,20,9,73,575,1,0,-43
103,Taurean Prince,LAL,29,32,16,16,989.2,322,116,266,43.6,71,177,40.1,19,25,76,9,82,91,59,32,30,16,72,626,0,0,-5
104,Anfernee Simons,POR,24,11,2,9,375.9,298,104,228,45.6,42,105,40,48,52,92.3,7,27,34,58,26,10,1,22,433,0,0,-67
104,Bryce McGowens,CHA,21,27,6,21,494.7,149,51,112,45.5,22,55,40,25,34,73.5,9,43,52,28,14,8,3,47,272,0,0,-114
104,Christian Braun,DEN,22,35,24,11,696,292,108,232,46.6,26,65,40,50,67,74.6,26,102,128,62,26,14,13,57,594,0,0,-62
104,Daishen Nix,MIN,21,6,4,2,21.2,8,3,8,37.5,2,5,40,0,2,0,0,1,1,0,0,1,0,0,12,0,0,14
104,GG Jackson,MEM,19,4,0,4,18.5,8,3,10,30,2,5,40,0,0,0,1,2,3,0,1,1,1,2,17,0,0,8
104,Jose Alvarado,NOP,25,20,13,7,329.7,141,50,117,42.7,26,65,40,15,25,60,10,39,49,37,18,23,8,30,330,0,0,78
104,Miles McBride,NYK,23,20,11,9,107,39,15,32,46.9,8,20,40,1,2,50,1,4,5,9,1,6,0,13,76,0,0,-28
104,Olivier Sarr,OKC,24,8,5,3,66.9,20,6,11,54.5,2,5,40,6,8,75,6,20,26,2,2,0,5,14,67,0,0,9
112,Simone Fontecchio,UTA,28,32,14,18,686,292,104,225,46.2,59,148,39.9,25,32,78.1,29,67,96,36,32,19,14,54,528,0,0,-58
113,Paul George,LAC,33,30,18,12,1036.3,686,240,532,45.1,98,246,39.8,108,116,93.1,20,144,164,119,68,47,10,90,1164,1,0,182
114,De'Aaron Fox,SAC,26,26,16,10,921,779,274,569,48.2,92,231,39.8,139,194,71.6,24,95,119,159,67,43,11,69,1255,2,0,117
115,Isaiah Stewart,DET,22,28,2,26,859.2,290,108,229,47.2,39,98,39.8,35,47,74.5,52,145,197,48,43,8,17,73,630,5,0,-118
116,Bilal Coulibaly,WAS,19,32,6,26,842.2,270,100,203,49.3,35,88,39.8,35,55,63.6,24,108,132,57,47,30,22,67,623,1,0,-191
117,Naz Reid,MIN,24,32,24,8,706.3,404,151,301,50.2,60,151,39.7,42,46,91.3,32,110,142,31,44,23,18,63,700,0,0,54
118,Brandon Miller,CHA,21,28,6,22,876.7,417,157,363,43.3,59,149,39.6,44,54,81.5,24,83,107,62,48,18,15,76,689,0,0,-191
119,Cameron Payne,MIL,29,34,24,10,532.8,213,75,162,46.3,38,96,39.6,25,28,89.3,3,37,40,82,28,13,2,63,401,0,0,12
120,Immanuel Quickley,TOR,24,31,17,14,748.2,464,157,348,45.1,66,167,39.5,84,97,86.6,5,78,83,77,31,18,3,48,711,0,0,128
121,Bradley Beal,PHX,30,9,5,4,250.1,140,52,106,49.1,11,28,39.3,25,32,78.1,3,25,28,29,21,6,5,18,229,0,0,-19
122,Michael Porter Jr.,DEN,25,35,24,11,1092.9,571,219,466,47,98,250,39.2,35,46,76.1,48,216,264,51,38,15,29,68,1058,8,0,254
123,Kyrie Irving,DAL,31,18,10,8,572.9,405,152,324,46.9,45,115,39.1,56,63,88.9,11,65,76,92,24,20,6,34,688,2,0,14
124,Fred VanVleet,HOU,29,30,16,14,1123.1,521,171,425,40.2,89,228,39,90,103,87.4,9,108,117,256,51,33,16,58,1141,11,0,129
125,Jalen Pickett,DEN,24,15,10,5,89.7,31,11,25,44,7,18,38.9,2,2,100,1,10,11,10,6,3,0,8,62,0,0,0
126,LaMelo Ball,CHA,22,15,5,10,501.2,370,132,298,44.3,52,134,38.8,54,63,85.7,23,59,82,123,59,21,4,52,669,5,1,-93
127,D'Angelo Russell,LAL,27,32,17,15,930.8,473,179,384,46.6,64,165,38.8,51,66,77.3,9,85,94,196,57,25,15,63,943,3,0,41
128,Tyrese Maxey,PHI,23,32,23,9,1187,830,286,624,45.8,102,263,38.8,156,179,87.2,17,101,118,206,48,24,17,66,1356,6,0,319
129,Harrison Barnes,SAC,31,32,19,13,954.3,356,120,250,48,53,137,38.7,63,75,84,26,70,96,42,24,23,6,40,597,0,0,-16
130,Dario Saric,GSW,29,33,16,17,671.7,337,117,251,46.6,49,127,38.6,54,63,85.7,52,137,189,67,39,18,6,74,697,2,0,70
131,Scottie Barnes,TOR,22,33,13,20,1160.3,693,258,537,48,72,187,38.5,105,136,77.2,87,220,307,189,80,49,47,67,1553,16,2,-63
132,Reggie Jackson,DEN,33,35,24,11,833.4,432,172,366,47,53,138,38.4,35,48,72.9,12,65,77,155,53,23,6,70,791,1,0,45
133,Desmond Bane,MEM,25,32,11,21,1104,788,291,612,47.5,109,284,38.4,97,113,85.8,28,117,145,163,91,35,19,91,1278,1,0,-160
134,Dejounte Murray,ATL,27,33,14,19,1137.9,679,260,565,46,79,206,38.3,80,97,82.5,27,126,153,172,71,48,11,57,1227,3,0,-15
135,Coby White,CHI,23,35,15,20,1218.8,615,220,501,43.9,97,253,38.3,78,95,82.1,16,134,150,166,69,26,8,90,1077,1,0,-24
136,Khris Middleton,MIL,32,29,20,9,731.6,425,165,334,49.4,49,128,38.3,46,55,83.6,20,112,132,140,63,23,6,65,817,3,0,148
137,Naji Marshall,NOP,25,25,16,9,481.5,201,68,152,44.7,26,68,38.2,39,49,79.6,28,70,98,58,28,17,6,33,447,0,0,84
137,Troy Brown Jr.,MIN,24,28,21,7,366,135,45,99,45.5,26,68,38.2,19,22,86.4,13,51,64,26,15,8,2,23,266,0,0,14
139,Bogdan Bogdanovic,ATL,31,31,13,18,883.8,549,197,448,44,105,275,38.2,50,55,90.9,15,85,100,85,30,38,8,77,905,0,0,107
140,Torrey Craig,CHI,33,27,10,17,572.3,165,59,139,42.4,29,76,38.2,18,23,78.3,50,80,130,28,16,17,10,68,428,0,0,-109
141,Gary Trent Jr.,TOR,24,30,12,18,781,344,125,313,39.9,66,173,38.2,28,43,65.1,8,63,71,51,18,25,3,31,572,1,0,-12
142,Buddy Hield,IND,31,33,19,14,856.3,420,153,351,43.6,93,244,38.1,21,25,84,25,83,108,82,48,27,21,63,769,0,0,86
143,Grant Williams,DAL,25,31,16,15,879.2,273,95,228,41.7,59,155,38.1,24,37,64.9,33,84,117,51,28,15,20,90,567,0,0,-102
144,Trae Young,ATL,25,31,13,18,1132.2,874,270,618,43.7,109,287,38,225,261,86.2,15,80,95,349,134,45,5,61,1528,22,0,-17
145,Bennedict Mathurin,IND,21,33,19,14,835.5,464,165,357,46.2,44,116,37.9,90,107,84.1,36,91,127,63,50,18,6,65,733,2,0,-42
146,Anthony Edwards,MIN,22,29,22,7,1006.6,764,262,572,45.8,75,198,37.9,165,196,84.2,17,138,155,147,96,39,19,53,1249,3,0,211
146,Caleb Martin,MIA,28,20,12,8,529.2,220,85,192,44.3,25,66,37.9,25,37,67.6,26,75,101,45,27,16,5,45,445,2,0,14
146,Jabari Smith Jr.,HOU,20,30,16,14,910.3,405,150,306,49,50,132,37.9,55,67,82.1,57,197,254,46,35,17,25,90,870,5,0,33
149,OG Anunoby,NYK,26,28,12,16,935.2,425,164,333,49.2,64,169,37.9,33,46,71.7,27,85,112,73,44,30,13,68,754,0,0,56
150,Kelly Oubre Jr.,PHI,28,22,18,4,580.4,290,107,225,47.6,39,103,37.9,37,51,72.5,23,67,90,20,18,28,8,51,518,0,0,129
151,Landry Shamet,WAS,26,21,3,18,336.5,153,59,130,45.4,28,74,37.8,7,14,50,2,25,27,30,12,12,4,34,266,0,0,-67
151,Obi Toppin,IND,25,33,19,14,791,384,151,261,57.9,42,111,37.8,40,53,75.5,37,96,133,47,25,18,20,73,703,0,0,-15
153,Luka Doncic,DAL,24,31,19,12,1145.5,1036,354,732,48.4,124,328,37.8,204,260,78.5,24,234,258,292,124,42,19,53,1843,21,6,57
154,Payton Pritchard,BOS,25,33,26,7,681.5,243,88,213,41.3,54,143,37.8,13,20,65,33,73,106,101,18,14,3,41,555,0,0,120
155,Al Horford,BOS,37,28,22,6,739.5,210,80,166,48.2,40,106,37.7,10,10,100,42,150,192,81,23,13,31,44,671,2,0,153
155,Jimmy Butler,MIA,34,24,14,10,805.5,503,156,336,46.4,20,53,37.7,171,194,88.1,45,76,121,107,43,25,10,27,871,3,0,100
157,Quentin Grimes,NYK,23,30,16,14,612.5,187,67,169,39.6,49,130,37.7,4,8,50,8,36,44,32,12,19,1,46,336,0,0,-31
158,Klay Thompson,GSW,33,32,15,17,961.3,533,185,441,42,101,268,37.7,62,69,89.9,16,102,118,68,55,16,15,63,815,0,0,-28
159,Bojan Bogdanovic,DET,34,14,1,13,470.8,269,94,207,45.4,38,101,37.6,43,58,74.1,9,42,51,38,34,11,1,31,389,1,0,-125
159,Lauri Markkanen,UTA,26,24,10,14,784.6,557,191,392,48.7,76,202,37.6,99,115,86.1,55,148,203,38,29,25,15,51,949,9,0,-9
161,Anthony Davis,LAL,30,32,17,15,1139.3,801,303,550,55.1,12,32,37.5,183,227,80.6,107,288,395,105,64,37,83,84,1729,27,0,35
161,Cam Whitmore,HOU,19,8,4,4,71.5,55,21,39,53.8,6,16,37.5,7,14,50,4,13,17,2,3,3,1,6,87,0,0,-21
161,Jeremy Sochan,SAS,20,33,5,28,959.4,359,139,318,43.7,30,80,37.5,51,67,76.1,49,131,180,131,69,20,10,84,793,0,0,-290
161,John Collins,UTA,26,30,13,17,866.8,408,154,325,47.4,42,112,37.5,58,74,78.4,66,172,238,22,45,18,26,78,814,9,0,-207
161,Josh Giddey,OKC,21,32,23,9,807.3,387,161,354,45.5,33,88,37.5,32,40,80,48,142,190,141,80,25,13,43,861,3,0,105
161,Larry Nance Jr.,NOP,31,17,9,8,278.8,75,30,56,53.6,6,16,37.5,9,14,64.3,23,60,83,13,17,16,5,24,240,1,0,-9
161,Oshae Brissett,BOS,25,17,14,3,191.1,52,18,38,47.4,6,16,37.5,10,17,58.8,18,28,46,8,5,7,0,15,135,0,0,27
161,Paul Reed,PHI,24,33,23,10,497.6,178,76,136,55.9,6,16,37.5,20,27,74.1,60,87,147,41,29,23,22,75,522,1,0,96
169,Trey Lyles,SAC,28,19,11,8,374.1,137,47,102,46.1,28,75,37.3,15,24,62.5,16,80,96,26,14,2,7,31,304,0,0,31
170,Devin Booker,PHX,27,24,15,9,860.1,633,214,459,46.6,47,126,37.3,158,179,88.3,22,106,128,190,67,19,10,79,1092,8,0,101
170,Matisse Thybulle,POR,26,32,9,23,760.5,190,67,158,42.4,47,126,37.3,9,12,75,16,54,70,36,20,54,30,37,560,0,0,-70
172,Royce O'Neale,BKN,30,33,15,18,852,245,84,222,37.8,67,180,37.2,10,16,62.5,28,128,156,106,32,24,23,79,700,2,0,-2
173,Nickeil Alexander-Walker,MIN,25,32,24,8,722.7,210,77,184,41.8,45,122,36.9,11,17,64.7,13,43,56,78,31,30,19,62,510,0,0,43
174,Domantas Sabonis,SAC,27,32,19,13,1111.1,625,248,421,58.9,14,38,36.8,115,175,65.7,108,293,401,237,100,26,18,103,1494,28,6,-20
174,Kris Dunn,UTA,29,26,12,14,422.6,137,56,121,46.3,14,38,36.8,11,16,68.8,14,56,70,100,33,15,6,42,401,1,0,18
174,Reggie Bullock Jr.,HOU,32,13,7,6,113.4,28,10,25,40,7,19,36.8,1,1,100,2,13,15,6,3,1,1,7,58,0,0,-17
174,Rui Hachimura,LAL,25,25,12,13,586.6,290,112,231,48.5,28,76,36.8,38,50,76,19,71,90,27,20,18,5,36,488,0,0,44
178,Corey Kispert,WAS,24,32,6,26,716.5,373,130,276,47.1,64,174,36.8,49,67,73.1,11,57,68,48,28,12,5,54,550,0,0,-173
179,Sasha Vezenkov,SAC,28,27,16,11,348.4,141,53,124,42.7,29,79,36.7,6,8,75,20,50,70,13,9,13,6,28,293,0,0,5
180,Dean Wade,CLE,27,27,15,12,593.8,144,48,119,40.3,37,101,36.6,11,14,78.6,29,98,127,23,13,23,8,59,411,0,0,33
181,Josh Green,DAL,23,22,12,10,536.1,146,54,128,42.2,26,71,36.6,12,20,60,10,47,57,56,22,19,3,36,342,0,0,-22
182,Devin Vassell,SAS,23,28,5,23,850.5,506,184,399,46.1,71,194,36.6,67,82,81.7,12,82,94,85,37,34,6,31,829,0,0,-169
183,Caleb Houstan,ORL,20,24,12,12,285.9,83,26,67,38.8,23,63,36.5,8,8,100,11,28,39,9,7,3,1,22,148,0,0,-7
183,Jonas Valanciunas,NOP,31,34,20,14,931.9,487,192,334,57.5,23,63,36.5,80,100,80,83,248,331,79,51,21,43,107,1144,18,0,95
185,De'Anthony Melton,PHI,25,31,21,10,912.4,374,124,312,39.7,66,181,36.5,60,73,82.2,25,100,125,100,36,53,15,76,842,0,0,206
186,Bones Hyland,LAC,23,15,7,8,227.4,114,42,104,40.4,20,55,36.4,10,12,83.3,2,13,15,27,20,8,0,22,177,0,0,2
186,Jaden McDaniels,MIN,23,22,16,6,593.5,232,96,182,52.7,24,66,36.4,16,22,72.7,14,35,49,24,23,17,16,78,403,0,0,41
186,Jared Butler,WAS,23,15,2,13,119.3,68,24,45,53.3,8,22,36.4,12,15,80,0,11,11,27,10,8,1,14,139,0,0,-13
189,Terry Rozier,CHA,29,21,5,16,752.7,506,187,400,46.8,57,157,36.3,75,88,85.2,12,68,80,150,49,25,9,39,880,3,0,-158
190,Damian Lillard,MIL,33,32,24,8,1127.8,812,235,549,42.8,101,279,36.2,241,261,92.3,19,122,141,215,87,33,6,55,1334,5,0,146
191,Gordon Hayward,CHA,33,25,7,18,797.9,362,139,297,46.8,22,61,36.1,62,81,76.5,25,92,117,116,51,28,12,46,745,0,0,-133
192,Tari Eason,HOU,22,22,12,10,480.1,215,88,189,46.6,18,50,36,21,33,63.6,46,107,153,27,20,31,19,51,569,3,0,88
193,Mikal Bridges,BKN,27,34,15,19,1153.9,709,251,551,45.6,68,189,36,139,167,83.2,34,144,178,127,80,30,14,53,1165,3,0,-42
194,Isaac Okoro,CLE,22,25,13,12,648.5,219,79,156,50.6,23,64,35.9,38,54,70.4,31,52,83,54,19,22,11,57,480,0,0,-82
195,Duop Reath,POR,27,20,5,15,305.1,172,60,136,44.1,28,78,35.9,24,26,92.3,24,38,62,20,13,12,7,40,320,0,0,79
196,Brandon Ingram,NOP,26,31,18,13,1044.7,712,268,534,50.2,44,123,35.8,132,162,81.5,21,127,148,169,80,25,16,69,1186,0,0,92
196,Paolo Banchero,ORL,21,33,19,14,1128,720,258,558,46.2,44,123,35.8,160,229,69.9,42,194,236,155,104,33,20,68,1291,8,0,-35
198,Dennis Schroder,TOR,30,33,13,20,1059.9,479,171,392,43.6,54,151,35.8,83,97,85.6,16,74,90,232,57,32,4,72,986,5,0,-1
199,Chris Boucher,TOR,30,30,11,19,413.8,182,60,132,45.5,20,56,35.7,42,56,75,32,75,107,9,12,9,16,48,387,0,0,3
199,Chris Paul,GSW,38,30,15,15,828.4,269,97,233,41.6,40,112,35.7,35,40,87.5,9,102,111,220,37,36,2,55,809,4,0,79
199,Jalen Suggs,ORL,22,29,16,13,772.9,364,129,285,45.3,50,140,35.7,56,71,78.9,17,79,96,74,59,43,19,81,717,0,0,-27
202,Austin Reaves,LAL,25,34,17,17,998.9,512,178,373,47.7,56,157,35.7,100,114,87.7,33,118,151,168,76,31,4,56,974,3,0,-62
203,Myles Turner,IND,27,32,19,13,882.1,560,198,375,52.8,46,129,35.7,118,145,81.4,54,181,235,37,45,17,69,104,1111,7,0,131
204,Kyle Kuzma,WAS,28,33,6,27,1023,754,293,626,46.8,82,230,35.7,86,112,76.8,30,170,200,141,85,10,19,70,1208,4,0,-293
205,Keegan Murray,SAC,23,28,17,11,913.6,423,157,357,44,68,191,35.6,41,49,83.7,37,110,147,46,25,35,12,80,784,1,0,41
206,Cole Anthony,ORL,23,33,19,14,822.7,466,157,352,44.6,44,124,35.5,108,129,83.7,38,108,146,115,59,25,15,91,875,2,0,16
206,Danuel House Jr.,PHI,30,21,15,6,249.8,73,24,57,42.1,11,31,35.5,14,19,73.7,8,17,25,16,14,6,1,17,134,0,0,39
208,Jordan Hawkins,NOP,21,29,18,11,678.3,301,98,263,37.3,61,172,35.5,44,51,86.3,17,70,87,43,22,10,2,46,484,0,0,-50
209,Cam Thomas,BKN,22,25,10,15,736.9,537,200,457,43.8,50,141,35.5,87,108,80.6,8,57,65,54,42,15,9,52,726,0,0,-116
210,Jaden Hardy,DAL,21,29,16,13,437.8,221,80,217,36.9,39,110,35.5,22,33,66.7,8,48,56,42,20,11,1,36,367,0,0,-54
211,Kevin Knox II,DET,24,15,1,14,257.9,111,43,88,48.9,17,48,35.4,8,9,88.9,6,29,35,7,11,7,3,25,183,1,0,-36
212,Ochai Agbaji,UTA,23,34,15,19,716.2,226,88,195,45.1,40,113,35.4,10,14,71.4,28,57,85,34,24,21,17,50,469,0,0,-69
212,Tobias Harris,PHI,31,33,23,10,1121.8,571,219,427,51.3,40,113,35.4,93,105,88.6,33,170,203,100,54,32,18,55,1061,2,0,234
214,Jaime Jaquez Jr.,MIA,22,33,19,14,980.3,452,174,345,50.4,35,99,35.4,69,81,85.2,43,85,128,85,54,36,9,82,814,1,0,-17
215,Kevin Love,MIA,35,26,14,12,485.3,252,80,184,43.5,47,133,35.3,45,56,80.4,24,148,172,68,18,9,4,46,581,2,0,86
216,Joel Embiid,PHI,29,26,21,5,885.5,905,304,564,53.9,30,85,35.3,267,301,88.7,70,238,308,160,100,30,51,75,1658,22,2,276
217,Cedi Osman,SAS,28,33,5,28,596.8,242,91,199,45.7,37,105,35.2,23,34,67.6,11,67,78,61,20,12,5,49,458,0,0,-226
218,Jalen Green,HOU,21,31,16,15,933.5,543,180,442,40.7,68,193,35.2,115,143,80.4,11,127,138,95,67,18,11,40,871,0,0,-9
219,Alec Burks,DET,32,26,3,23,480.7,259,73,210,34.8,45,128,35.2,68,76,89.5,12,43,55,35,13,12,6,36,419,0,0,-169
220,Donovan Mitchell,CLE,27,25,13,12,901.6,692,240,528,45.5,78,222,35.1,134,148,90.5,27,112,139,141,65,48,13,57,1188,3,0,104
221,Max Strus,CLE,27,34,19,15,1175.5,478,170,422,40.3,99,282,35.1,39,49,79.6,26,147,173,132,57,33,20,101,986,3,0,133
221,Tim Hardaway Jr.,DAL,31,31,18,13,897.8,543,186,454,41,99,282,35.1,72,83,86.7,10,104,114,52,25,12,0,40,769,0,0,10
223,Craig Porter Jr.,CLE,23,23,15,8,382.9,173,71,141,50.4,7,20,35,24,37,64.9,13,49,62,76,23,16,11,24,419,0,0,-3
223,Keon Ellis,SAC,23,23,16,7,304.2,90,29,71,40.8,21,60,35,11,17,64.7,7,25,32,33,13,13,11,34,237,0,0,6
223,Malachi Flynn,NYK,25,31,12,19,474.3,157,56,137,40.9,28,80,35,17,22,77.3,13,52,65,73,33,18,6,42,384,0,0,-67
223,Ousmane Dieng,OKC,20,18,10,8,201.7,78,27,59,45.8,14,40,35,10,12,83.3,7,22,29,16,6,1,0,12,134,0,0,-17
227,Shaedon Sharpe,POR,20,27,7,20,929.5,442,151,371,40.7,54,155,34.8,86,104,82.7,36,104,140,86,68,24,9,77,770,1,0,-175
228,Anthony Black,ORL,19,31,18,13,637.8,164,63,125,50.4,16,46,34.8,22,35,62.9,20,63,83,54,33,19,12,68,405,0,0,1
228,Josh Hart,NYK,28,33,18,15,936.3,249,98,215,45.6,32,92,34.8,21,27,77.8,36,165,201,91,35,29,7,63,700,2,0,77
228,Otto Porter Jr.,TOR,30,15,6,9,174.1,39,14,33,42.4,8,23,34.8,3,3,100,6,23,29,8,2,5,5,19,114,0,0,22
231,Derrick Jones Jr.,DAL,26,33,18,15,838.2,341,122,260,46.9,49,141,34.8,48,63,76.2,44,81,125,33,29,29,28,59,683,1,0,-20
232,Kevin Huerter,SAC,25,31,18,13,739.6,316,119,280,42.5,58,167,34.7,20,25,80,17,96,113,77,19,19,9,68,632,0,0,44
233,Jayson Tatum,BOS,25,31,24,7,1140.8,838,288,608,47.4,92,265,34.7,170,211,80.6,31,233,264,139,90,32,16,65,1417,12,0,260
234,Santi Aldama,MEM,22,26,11,15,627.1,287,110,243,45.3,42,121,34.7,25,41,61,35,110,145,46,25,16,18,40,607,4,0,-33
235,Bobby Portis,MIL,28,34,24,10,817.1,425,174,345,50.4,34,98,34.7,43,54,79.6,60,171,231,39,31,26,17,84,859,5,0,74
236,Darius Garland,CLE,23,20,11,9,679.9,414,151,321,47,36,104,34.6,76,91,83.5,12,43,55,118,76,32,4,31,689,0,0,59
237,Peyton Watson,DEN,21,33,23,10,583.4,218,85,166,51.2,20,58,34.5,28,43,65.1,17,68,85,35,20,18,29,57,494,0,0,-31
237,Wendell Carter Jr.,ORL,24,12,5,7,295.4,96,34,80,42.5,10,29,34.5,18,26,69.2,19,57,76,21,15,4,7,24,237,1,0,-17
239,Deni Avdija,WAS,23,33,6,27,887.9,379,145,298,48.7,31,90,34.4,58,78,74.4,37,159,196,127,50,29,11,71,875,3,0,-167
240,Armoni Brooks,BKN,25,9,3,6,101.5,42,15,46,32.6,11,32,34.4,1,2,50,7,10,17,5,3,1,1,3,73,0,0,24
240,Jevon Carter,CHI,28,35,15,20,511.2,187,70,196,35.7,44,128,34.4,3,5,60,4,22,26,43,19,20,10,41,354,0,0,2
242,Jaylen Brown,BOS,27,31,24,7,1050.7,704,271,564,48,67,195,34.4,95,128,74.2,30,129,159,113,80,34,18,87,1140,1,0,232
243,Keldon Johnson,SAS,24,31,5,26,1006.7,547,200,432,46.3,59,172,34.3,88,116,75.9,41,153,194,122,55,27,7,79,1010,6,0,-228
244,Amir Coffey,LAC,26,20,15,5,292.9,80,28,60,46.7,12,35,34.3,12,13,92.3,8,24,32,15,8,3,0,21,142,0,0,-1
245,Saddiq Bey,ATL,24,33,14,19,1066.7,424,152,344,44.2,62,181,34.3,58,73,79.5,77,142,219,44,36,35,6,53,840,5,0,78
246,Collin Sexton,UTA,24,34,15,19,800.2,530,178,382,46.6,44,129,34.1,130,148,87.8,30,64,94,125,62,21,6,67,849,0,0,-55
247,Shai Gilgeous-Alexander,OKC,25,32,23,9,1112.8,1005,362,663,54.6,37,109,33.9,244,270,90.4,26,163,189,205,61,80,24,77,1790,4,0,305
248,Jaylin Williams,OKC,21,28,20,8,331.7,101,34,88,38.6,19,56,33.9,14,15,93.3,13,79,92,39,10,10,6,45,308,0,0,43
248,Robert Covington,PHI,33,29,20,9,488.4,127,43,98,43.9,19,56,33.9,22,26,84.6,31,66,97,24,11,39,18,56,439,0,0,104
250,Cade Cunningham,DET,22,33,3,30,1155.1,758,281,635,44.3,62,184,33.7,134,154,87,16,117,133,242,128,34,11,91,1288,6,0,-248
251,Talen Horton-Tucker,UTA,23,29,10,19,647,320,119,289,41.2,37,110,33.6,45,55,81.8,12,63,75,126,51,30,11,61,671,1,0,-9
252,Zach LaVine,CHI,28,18,5,13,635.4,378,132,298,44.3,43,128,33.6,71,82,86.6,6,82,88,61,36,17,4,37,602,0,0,-98
253,Keyonte George,UTA,20,28,11,17,720.3,311,97,266,36.5,49,146,33.6,68,87,78.2,12,72,84,134,61,13,3,34,600,0,0,-129
254,Ayo Dosunmu,CHI,23,33,15,18,739.4,264,104,221,47.1,31,93,33.3,25,34,73.5,24,56,80,60,28,26,8,60,524,0,0,-55
254,Bol Bol,PHX,24,9,6,3,39.4,17,7,11,63.6,1,3,33.3,2,2,100,3,10,13,1,4,0,3,6,39,0,0,-7
254,Charlie Brown Jr.,NYK,26,3,0,3,4.6,3,1,4,25,1,3,33.3,0,0,0,0,0,0,0,2,0,0,0,1,0,0,-4
254,Chimezie Metu,PHX,26,23,13,10,306.5,135,48,95,50.5,13,39,33.3,26,30,86.7,19,56,75,11,18,11,5,25,272,1,0,1
254,Damian Jones,CLE,28,14,9,5,75.7,21,9,16,56.3,1,3,33.3,2,3,66.7,4,11,15,4,5,2,3,9,55,0,0,-27
254,DeMar DeRozan,CHI,34,33,14,19,1203.7,732,253,555,45.6,29,87,33.3,197,235,83.8,21,105,126,177,47,35,24,73,1279,3,0,-112
254,Derrick Rose,MEM,35,17,5,12,304.5,142,56,128,43.8,11,33,33.3,19,21,90.5,7,23,30,57,22,7,2,18,269,0,0,-24
254,Devonte' Graham,SAS,28,7,1,6,68.5,24,7,19,36.8,4,12,33.3,6,8,75,2,8,10,17,3,2,1,3,68,0,0,18
254,Eugene Omoruyi,WAS,26,17,2,15,99.4,77,29,49,59.2,5,15,33.3,14,19,73.7,10,16,26,10,9,8,1,17,141,0,0,15
254,Gary Harris,ORL,29,26,16,10,604,187,64,150,42.7,35,105,33.3,24,30,80,13,32,45,49,13,22,5,45,383,0,0,67
254,Georges Niang,CLE,30,34,19,15,747.4,281,106,262,40.5,53,159,33.3,16,19,84.2,13,109,122,40,29,11,5,82,506,0,0,-28
254,Goga Bitadze,ORL,24,30,17,13,616.3,222,89,144,61.8,2,6,33.3,42,60,70,70,111,181,49,26,20,50,67,697,3,0,96
254,Gui Santos,GSW,21,4,2,2,22,13,4,7,57.1,1,3,33.3,4,4,100,4,4,8,1,2,0,0,3,22,0,0,-9
254,Isaiah Hartenstein,NYK,25,33,18,15,754.8,203,79,135,58.5,1,3,33.3,44,64,68.8,102,125,227,56,32,34,31,95,722,2,0,78
254,Johnny Davis,WAS,21,16,2,14,139.5,45,20,44,45.5,1,3,33.3,4,5,80,8,11,19,5,5,7,1,11,94,0,0,-4
254,Jordan Nwora,IND,25,12,5,7,120.8,68,27,56,48.2,8,24,33.3,6,7,85.7,7,15,22,11,10,5,1,12,119,0,0,-7
254,Lamar Stevens,BOS,26,12,10,2,59.8,29,12,22,54.5,2,6,33.3,3,4,75,6,8,14,6,4,4,3,10,72,0,0,-14
254,Lester Quinones,GSW,23,4,2,2,17.1,8,3,9,33.3,2,6,33.3,0,0,0,0,3,3,1,2,0,0,3,11,0,0,-8
254,Maxi Kleber,DAL,31,5,4,1,90.4,17,4,16,25,3,9,33.3,6,10,60,4,17,21,10,4,1,1,8,59,0,0,-3
254,Maxwell Lewis,LAL,21,12,5,7,52.9,3,1,9,11.1,1,3,33.3,0,0,0,1,2,3,3,5,2,0,2,12,0,0,-33
254,Nikola Jokic,DEN,28,34,23,11,1135.4,875,338,605,55.9,37,111,33.3,162,198,81.8,103,314,417,308,93,39,29,88,1948,30,11,312
254,RJ Barrett,TOR,23,27,16,11,795.9,493,170,400,42.5,44,132,33.3,109,132,82.6,22,98,120,64,52,12,9,50,744,0,0,-24
254,Tre Mann,OKC,22,12,10,2,101.7,38,16,35,45.7,5,15,33.3,1,1,100,3,14,17,16,8,3,0,3,83,0,0,-18
254,Zion Williamson,NOP,23,28,17,11,858.6,615,242,416,58.2,3,9,33.3,128,195,65.6,54,115,169,129,74,26,10,76,1045,5,0,54
278,Caris LeVert,CLE,29,26,13,13,753.6,420,154,363,42.4,49,148,33.1,63,83,75.9,13,78,91,102,36,26,10,43,754,0,0,-11
279,Kristaps Porzingis,BOS,28,24,19,5,739.1,494,168,314,53.5,42,127,33.1,116,139,83.5,40,136,176,41,38,18,43,71,912,5,0,202
280,Herbert Jones,NOP,25,31,20,11,913,329,115,245,46.9,34,103,33,65,75,86.7,39,82,121,79,40,43,30,95,772,0,0,39
281,Jaden Ivey,DET,21,29,3,26,740.7,376,128,280,45.7,32,97,33,88,114,77.2,35,69,104,91,59,23,16,82,695,1,0,-128
282,Moses Moody,GSW,21,31,15,16,559.2,255,92,193,47.7,30,91,33,41,53,77.4,37,62,99,27,23,21,10,42,484,0,0,7
283,Brook Lopez,MIL,35,34,24,10,1055.3,439,163,339,48.1,56,170,32.9,57,70,81.4,53,119,172,46,28,23,101,95,1058,0,0,107
283,Vince Williams Jr.,MEM,23,25,8,17,523.2,134,40,109,36.7,28,85,32.9,26,32,81.3,24,100,124,41,21,12,15,58,404,0,0,-2
285,Christian Wood,LAL,28,29,15,14,551.6,196,69,148,46.6,23,70,32.9,35,57,61.4,24,134,158,28,35,5,18,44,462,2,0,8
285,Yuta Watanabe,PHX,29,22,11,11,346.7,92,30,87,34.5,23,70,32.9,9,13,69.2,10,31,41,10,14,7,7,31,184,0,0,-10
287,Miles Bridges,CHA,25,21,5,16,765.7,421,158,350,45.1,43,131,32.8,62,72,86.1,18,131,149,63,39,26,11,46,766,5,0,-174
288,John Konchar,MEM,27,26,8,18,438,89,32,84,38.1,18,55,32.7,7,9,77.8,27,76,103,35,12,19,18,27,364,0,0,-115
289,Josh Richardson,MIA,30,24,15,9,665.9,241,87,199,43.7,35,107,32.7,32,35,91.4,11,54,65,71,25,14,6,40,461,0,0,-51
290,Pat Connaughton,MIL,30,28,20,8,609.5,149,54,132,40.9,30,92,32.6,11,15,73.3,22,79,101,54,16,13,5,33,389,0,0,27
291,Jaren Jackson Jr.,MEM,24,33,11,22,1039.9,683,232,513,45.2,52,160,32.5,167,201,83.1,45,139,184,54,63,29,55,120,1174,2,0,-158
292,Julian Strawther,DEN,21,32,21,11,448.6,195,71,184,38.6,37,114,32.5,16,23,69.6,3,45,48,35,15,15,6,47,353,0,0,-90
293,Haywood Highsmith,MIA,27,21,14,7,444.2,126,45,110,40.9,22,68,32.4,14,18,77.8,18,42,60,30,19,23,13,47,332,0,0,26
294,Moritz Wagner,ORL,26,33,19,14,608,369,145,241,60.2,17,53,32.1,62,79,78.5,52,93,145,39,42,15,11,74,638,0,0,27
295,AJ Griffin,ATL,20,12,7,5,109.9,30,10,34,29.4,8,25,32,2,2,100,2,10,12,4,4,1,0,6,49,0,0,-29
295,Nassir Little,PHX,23,23,12,11,359.5,120,44,91,48.4,16,50,32,16,19,84.2,14,46,60,16,11,10,8,31,259,0,0,-56
297,Jae'Sean Tate,HOU,28,29,15,14,537.2,152,61,124,49.2,15,47,31.9,15,22,68.2,29,73,102,30,14,22,6,74,389,0,0,51
298,Ben Sheppard,IND,22,14,7,7,92.9,41,15,35,42.9,7,22,31.8,4,6,66.7,2,6,8,8,1,4,0,11,74,0,0,-2
298,Kessler Edwards,SAC,23,25,16,9,123.1,34,13,34,38.2,7,22,31.8,1,2,50,3,15,18,6,1,2,2,9,76,0,0,-42
298,Mike Muscala,WAS,32,20,4,16,286.9,90,31,78,39.7,14,44,31.8,14,18,77.8,14,44,58,22,12,4,7,24,214,0,0,-106
301,Malaki Branham,SAS,20,33,5,28,736.2,295,121,277,43.7,34,107,31.8,19,21,90.5,11,60,71,81,43,13,4,46,510,0,0,-223
302,Patrick Beverley,PHI,35,32,22,10,552.5,159,56,127,44.1,20,63,31.7,27,36,75,22,66,88,72,22,16,10,55,429,0,0,87
303,Chris Duarte,SAC,26,29,17,12,393.2,117,41,109,37.6,19,60,31.7,16,20,80,11,48,59,27,16,17,2,53,269,0,0,-8
304,Ziaire Williams,MEM,22,31,11,20,569.1,218,76,199,38.2,31,98,31.6,35,41,85.4,17,90,107,42,38,13,9,51,437,1,0,-162
305,Jordan Poole,WAS,24,32,6,26,931.8,542,194,472,41.1,66,209,31.6,88,101,87.1,15,64,79,117,82,32,10,98,856,0,0,-328
306,P.J. Washington,CHA,25,29,7,22,853.3,390,146,342,42.7,53,168,31.5,45,59,76.3,36,118,154,68,44,26,22,75,777,2,0,-191
307,Kobe Brown,LAC,24,22,16,6,234.4,56,22,54,40.7,11,35,31.4,1,2,50,6,29,35,14,4,5,3,36,139,0,0,-17
308,Danilo Gallinari,WAS,35,26,5,21,385,181,57,131,43.5,20,64,31.3,47,56,83.9,12,64,76,31,12,6,3,26,334,0,0,-77
308,P.J. Tucker,LAC,38,15,6,9,239.1,20,6,19,31.6,5,16,31.3,3,3,100,16,27,43,8,4,9,3,35,116,0,0,-6
308,Taylor Hendricks,UTA,20,11,6,5,174.5,58,21,55,38.2,10,32,31.3,6,8,75,11,17,28,5,8,8,6,11,133,0,0,6
311,Zach Collins,SAS,26,31,5,26,809.6,401,153,309,49.5,34,109,31.2,61,77,79.2,59,126,185,102,71,18,24,104,831,2,0,-216
312,Killian Hayes,DET,22,28,3,25,699,238,95,227,41.9,19,61,31.1,29,44,65.9,9,72,81,117,34,29,15,52,609,0,0,-153
313,Spencer Dinwiddie,BKN,30,32,14,18,1009.3,443,144,374,38.5,63,203,31,92,120,76.7,22,105,127,208,51,27,6,56,955,4,0,8
314,Alperen Sengun,HOU,21,31,16,15,989.5,659,260,478,54.4,21,68,30.9,118,162,72.8,81,200,281,163,77,34,24,101,1338,10,0,112
315,Kris Murray,POR,23,16,2,14,170,43,16,43,37.2,8,26,30.8,3,5,60,10,17,27,8,1,12,3,14,131,0,0,5
315,Max Christie,LAL,20,24,12,12,415.5,112,42,108,38.9,16,52,30.8,12,16,75,4,64,68,25,18,11,6,33,264,0,0,-28
315,Zeke Nnaji,DEN,22,29,22,7,300.8,100,37,78,47.4,4,13,30.8,22,35,62.9,36,32,68,15,19,6,20,46,263,0,0,-110
318,Andrew Nembhard,IND,23,23,15,8,459.8,177,77,159,48.4,15,49,30.6,8,11,72.7,14,27,41,91,37,20,1,45,389,1,0,25
319,A.J. Lawson,DAL,23,13,7,6,126.8,56,22,44,50,7,23,30.4,5,8,62.5,6,10,16,7,6,6,1,6,101,0,0,23
320,JT Thor,CHA,21,26,7,19,376.4,80,32,83,38.6,13,43,30.2,3,7,42.9,19,43,62,11,6,6,10,28,213,0,0,-70
321,Andrew Wiggins,GSW,28,29,13,16,767.7,365,138,323,42.7,28,93,30.1,61,88,69.3,54,73,127,38,46,11,11,69,594,1,0,-102
322,Kenneth Lofton Jr.,PHI,21,16,5,11,102.4,39,14,39,35.9,3,10,30,8,15,53.3,2,15,17,14,8,3,3,15,90,0,0,-5
322,Trendon Watford,BKN,23,24,10,14,318.3,151,62,115,53.9,6,20,30,21,25,84,20,55,75,43,22,11,7,40,338,0,0,22
324,Cam Reddish,LAL,24,27,15,12,664.3,187,66,168,39.3,22,74,29.7,33,38,86.8,17,55,72,43,18,36,7,47,449,0,0,21
325,Markieff Morris,DAL,34,13,6,7,128.2,37,14,43,32.6,8,27,29.6,1,2,50,4,20,24,10,8,4,1,9,88,0,0,-48
326,Jordan Goodwin,PHX,25,31,16,15,526.3,176,65,176,36.9,23,78,29.5,23,27,85.2,38,77,115,74,27,20,8,40,482,0,0,4
327,Cody Martin,CHA,28,6,1,5,145.5,43,17,46,37,5,17,29.4,4,10,40,6,9,15,13,5,10,4,7,118,0,0,-31
327,Delon Wright,WAS,31,12,3,9,207.5,54,16,43,37.2,5,17,29.4,17,19,89.5,4,25,29,44,9,17,3,10,206,0,0,-7
327,Toumani Camara,POR,23,31,9,22,775.4,217,82,198,41.4,25,85,29.4,28,41,68.3,62,88,150,30,34,31,15,82,546,1,0,-109
330,Victor Wembanyama,SAS,20,29,5,24,852.9,548,204,459,44.4,42,143,29.4,98,125,78.4,62,233,295,84,92,35,91,64,1314,14,0,-189
331,Bruce Brown,IND,27,28,15,13,856,328,122,263,46.4,27,92,29.3,57,70,81.4,20,109,129,80,35,30,7,74,679,0,0,62
332,Jamal Cain,MIA,24,12,4,8,203.3,73,27,61,44.3,7,24,29.2,12,17,70.6,10,17,27,3,4,9,4,16,145,0,0,-25
332,Joe Harris,DET,32,12,2,10,138.4,28,10,31,32.3,7,24,29.2,1,2,50,3,8,11,9,3,3,2,15,67,0,0,-38
334,David Roddy,MEM,22,31,9,22,697.1,239,91,224,40.6,29,100,29,28,41,68.3,27,89,116,39,28,17,9,38,487,0,0,-88
335,Jordan Clarkson,UTA,31,24,9,15,719.5,409,147,364,40.4,40,138,29,75,86,87.2,28,59,87,128,72,18,3,38,696,2,1,-68
336,Scoot Henderson,POR,19,23,8,15,630.9,286,106,284,37.3,26,90,28.9,48,61,78.7,20,45,65,110,74,14,7,85,518,3,0,-58
337,Onyeka Okongwu,ATL,23,32,13,19,782.5,308,118,202,58.4,12,42,28.6,60,71,84.5,78,137,215,45,24,17,28,88,745,4,0,18
337,Skylar Mays,POR,26,20,6,14,347.7,128,51,134,38.1,14,49,28.6,12,15,80,8,24,32,74,17,14,3,20,311,2,0,-97
339,Pascal Siakam,TOR,29,33,13,20,1158.4,738,280,541,51.8,35,123,28.5,143,191,74.9,49,167,216,166,74,28,6,75,1274,5,0,32
340,Franz Wagner,ORL,22,33,19,14,1129.7,703,260,557,46.7,46,162,28.4,137,161,85.1,36,161,197,131,63,39,12,79,1226,0,0,33
340,Jonathan Kuminga,GSW,21,32,15,17,711.1,407,152,303,50.2,23,81,28.4,80,118,67.8,41,90,131,43,44,19,10,71,672,1,0,30
342,Russell Westbrook,LAC,35,32,20,12,766.2,364,148,316,46.8,21,74,28.4,47,74,63.5,51,156,207,150,75,34,15,65,909,6,0,25
343,Julius Randle,NYK,29,33,18,15,1175.7,793,286,603,47.4,47,166,28.3,174,228,76.3,71,245,316,155,112,18,7,92,1368,16,0,70
344,Dennis Smith Jr.,BKN,26,20,9,11,373.2,141,55,134,41,11,39,28.2,20,25,80,14,44,58,75,22,18,3,47,364,1,0,-19
345,Gary Payton II,GSW,31,16,8,8,261.4,87,36,79,45.6,9,32,28.1,6,9,66.7,16,32,48,13,10,17,5,29,220,0,0,29
345,Jeff Green,HOU,37,30,15,15,465.8,193,63,115,54.8,9,32,28.1,58,71,81.7,22,42,64,22,21,5,14,42,339,0,0,33
347,Nikola Vucevic,CHI,33,31,13,18,1054.1,517,217,480,45.2,34,121,28.1,49,56,87.5,85,236,321,106,52,26,23,81,1156,17,0,-94
348,Chuma Okeke,ORL,25,16,7,9,88.1,23,9,26,34.6,5,18,27.8,0,0,0,4,14,18,5,3,2,1,4,58,0,0,6
349,Jonathan Isaac,ORL,26,21,14,7,284.9,134,48,106,45.3,13,47,27.7,25,32,78.1,24,62,86,7,12,18,26,27,368,0,0,54
349,Marcus Smart,MEM,29,16,4,12,473.8,206,73,175,41.7,26,94,27.7,34,43,79.1,5,31,36,70,50,34,5,45,421,0,0,-70
349,Precious Achiuwa,NYK,24,26,9,17,445.5,193,78,172,45.3,13,47,27.7,24,42,57.1,51,88,139,44,29,16,12,42,481,2,0,-56
352,Ish Wainright,POR,29,6,1,5,28.5,11,3,13,23.1,3,11,27.3,2,2,100,0,4,4,0,1,1,1,4,21,0,0,-2
352,Jarace Walker,IND,20,10,4,6,87.3,33,12,28,42.9,3,11,27.3,6,7,85.7,1,11,12,11,3,4,3,11,82,0,0,9
354,Jabari Walker,POR,21,32,9,23,605.5,261,94,193,48.7,16,59,27.1,57,75,76,59,116,175,22,28,23,14,73,587,1,0,-36
355,Dyson Daniels,NOP,20,34,20,14,760.1,203,77,188,41,23,85,27.1,26,38,68.4,32,98,130,89,34,46,13,58,636,1,0,28
356,Sandro Mamukelashvili,SAS,24,18,2,16,133.4,53,18,45,40,7,26,26.9,10,12,83.3,12,25,37,22,8,3,5,13,146,0,0,5
357,Keita Bates-Diop,PHX,27,23,13,10,403.2,118,42,104,40.4,11,41,26.8,23,32,71.9,20,51,71,20,6,14,15,21,314,0,0,-14
358,Jusuf Nurkic,PHX,29,31,18,13,869.4,397,148,305,48.5,19,71,26.8,82,114,71.9,88,234,322,113,65,29,38,107,1089,11,0,162
359,Davion Mitchell,SAC,25,25,14,11,327.9,94,35,95,36.8,13,49,26.5,11,15,73.3,3,21,24,49,14,5,2,32,203,0,0,-123
360,Aaron Gordon,DEN,28,29,19,10,920.4,390,159,300,53,14,53,26.4,58,96,60.4,80,114,194,96,41,28,18,46,864,6,0,199
361,Furkan Korkmaz,PHI,26,21,15,6,140,40,14,37,37.8,5,19,26.3,7,9,77.8,1,9,10,10,7,10,0,9,90,0,0,28
361,Jaden Springer,PHI,21,20,15,5,192.8,65,24,62,38.7,5,19,26.3,12,16,75,16,12,28,19,18,11,8,29,166,0,0,-14
361,Luka Samanic,UTA,23,15,6,9,97,47,19,50,38,5,19,26.3,4,4,100,5,26,31,3,6,1,2,10,92,0,0,17
364,Xavier Tillman,MEM,24,21,7,14,400.6,115,49,129,38,10,39,25.6,7,20,35,30,61,91,29,17,24,20,31,383,1,0,-86
365,Shake Milton,MIN,27,27,20,7,401.4,144,48,127,37.8,12,47,25.5,36,43,83.7,5,37,42,40,25,14,3,38,280,0,0,-24
366,Brandon Boston Jr.,LAC,22,5,3,2,43.7,29,10,24,41.7,3,12,25,6,6,100,2,4,6,3,1,1,0,5,43,0,0,-18
366,Collin Gillespie,DEN,24,11,8,3,86.5,20,8,20,40,3,12,25,1,1,100,1,3,4,8,4,5,0,10,48,0,0,-12
366,D'Moi Hodge,LAL,25,7,1,6,41.2,14,5,15,33.3,3,12,25,1,2,50,0,0,0,5,1,1,1,4,27,0,0,-35
366,Dominick Barlow,SAS,20,11,0,11,86,24,9,27,33.3,1,4,25,5,8,62.5,7,15,22,3,2,4,0,12,65,0,0,-18
366,Emoni Bates,CLE,19,10,6,4,75.9,18,6,25,24,5,20,25,1,2,50,1,9,10,6,1,1,2,5,47,0,0,-57
366,Gradey Dick,TOR,20,19,8,11,234.6,66,20,68,29.4,11,44,25,15,15,100,7,15,22,15,12,6,0,24,121,0,0,-73
366,Isaiah Livers,DET,25,17,1,16,331.7,76,26,88,29.5,15,60,25,9,15,60,7,26,33,19,15,8,3,28,162,0,0,-162
366,Jalen Wilson,BKN,23,10,2,8,99.1,49,16,32,50,2,8,25,15,15,100,15,9,24,9,3,2,1,9,97,1,0,-22
366,Jared Rhoden,DET,24,5,0,5,29.7,13,5,9,55.6,1,4,25,2,2,100,1,3,4,3,2,0,0,4,20,0,0,16
366,Jett Howard,ORL,20,9,4,5,35.5,14,5,16,31.3,3,12,25,1,2,50,1,3,4,3,2,0,0,1,21,0,0,9
366,Josh Okogie,PHX,25,27,16,11,539.1,154,46,119,38.7,14,56,25,48,64,75,41,44,85,34,20,23,13,38,395,0,0,27
366,Walker Kessler,UTA,22,26,13,13,649,235,107,173,61.8,4,16,25,17,33,51.5,74,137,211,21,32,13,71,52,740,6,0,-12
378,Omer Yurtseven,UTA,25,20,9,11,233.2,79,35,69,50.7,3,13,23.1,6,8,75,30,58,88,13,19,4,10,31,227,0,0,-76
379,Tre Jones,SAS,23,29,4,25,681.4,231,93,202,46,14,62,22.6,31,37,83.8,20,63,83,142,40,22,4,36,582,1,0,-88
380,Giannis Antetokounmpo,MIL,29,33,23,10,1151,1015,375,619,60.6,12,56,21.4,253,374,67.6,86,287,373,191,123,44,40,94,1878,25,3,177
380,Olivier-Maxence Prosper,DAL,21,21,10,11,192.2,58,18,53,34,6,28,21.4,16,23,69.6,12,29,41,15,4,2,1,12,135,0,0,-26
382,Ja Morant,MEM,24,7,5,2,248.4,177,63,135,46.7,8,38,21.1,43,53,81.1,3,32,35,57,23,5,4,15,309,3,0,3
383,Vasilije Micic,OKC,29,14,12,2,174.4,38,14,47,29.8,6,29,20.7,4,6,66.7,1,9,10,42,12,5,2,17,122,0,0,44
384,Terance Mann,LAC,27,26,17,9,668,173,67,169,39.6,16,79,20.3,23,31,74.2,27,59,86,49,17,18,9,48,414,0,0,24
385,DaQuan Jeffries,NYK,26,10,7,3,29.9,11,5,12,41.7,1,5,20,0,2,0,0,5,5,2,1,0,0,2,19,0,0,-9
385,Evan Mobley,CLE,22,21,12,9,705.1,336,142,249,57,2,10,20,50,65,76.9,57,163,220,61,48,17,35,60,800,12,0,32
385,Wesley Matthews,ATL,37,18,4,14,204.7,40,10,39,25.6,6,30,20,14,19,73.7,4,21,25,12,6,9,3,25,118,0,0,-52
388,Svi Mykhailiuk,BOS,26,13,10,3,98.6,23,9,32,28.1,5,26,19.2,0,0,0,3,8,11,5,5,5,0,8,54,0,0,7
389,Jalen McDaniels,TOR,25,20,6,14,194.6,56,21,70,30,7,37,18.9,7,8,87.5,4,21,25,12,7,7,3,22,127,0,0,-5
390,Cory Joseph,GSW,32,15,5,10,146.5,26,9,35,25.7,4,22,18.2,4,7,57.1,2,10,12,25,7,4,2,14,89,0,0,15
391,Amen Thompson,HOU,20,12,5,7,184.4,62,24,54,44.4,3,17,17.6,11,18,61.1,9,30,39,21,12,8,2,22,158,0,0,-3
392,Jaylen Nowell,MEM,24,9,3,6,156.1,51,22,55,40,4,23,17.4,3,3,100,3,11,14,16,5,3,0,13,96,0,0,-2
393,Admiral Schofield,ORL,26,9,5,4,29.3,7,3,10,30,1,6,16.7,0,2,0,0,5,5,2,4,0,0,6,12,0,0,-1
393,Bam Adebayo,MIA,26,23,14,9,785.1,506,183,362,50.6,1,6,16.7,139,179,77.7,49,191,240,92,61,26,23,55,1018,15,1,-21
393,Evan Fournier,NYK,31,2,1,1,33,12,4,16,25,2,12,16.7,2,2,100,0,3,3,3,1,4,0,2,31,0,0,-7
393,Marvin Bagley III,DET,24,25,2,23,466.2,254,103,175,58.9,1,6,16.7,47,57,82.5,45,69,114,26,29,4,14,38,455,1,0,-72
393,Rayan Rupert,POR,19,8,1,7,35.6,5,1,13,7.7,1,6,16.7,2,4,50,1,0,1,4,2,2,0,1,16,0,0,-25
393,Theo Maledon,PHX,22,13,3,10,200.1,54,19,66,28.8,5,30,16.7,11,12,91.7,4,19,23,28,15,7,0,18,130,0,0,-57
399,Jock Landale,HOU,28,20,11,9,177.8,40,15,42,35.7,2,13,15.4,8,10,80,19,19,38,10,8,5,5,20,123,0,0,6
400,Ausar Thompson,DET,20,33,3,30,834.5,299,123,266,46.2,9,59,15.3,44,63,69.8,76,159,235,73,52,27,36,103,828,2,0,-275
401,Dalen Terry,CHI,21,19,9,10,190.7,40,14,37,37.8,3,20,15,9,12,75,6,29,35,23,11,3,7,21,136,0,0,35
401,Jake LaRavia,MEM,22,8,0,8,98.8,26,11,32,34.4,3,20,15,1,2,50,5,6,11,5,4,1,0,15,46,0,0,-33
403,Day'Ron Sharpe,BKN,22,34,15,19,546.5,249,102,176,58,1,7,14.3,44,74,59.5,95,143,238,48,36,15,30,76,706,5,0,104
403,Harry Giles III,BKN,25,10,2,8,58.7,41,17,33,51.5,1,7,14.3,6,11,54.5,8,9,17,2,2,1,3,9,74,0,0,7
403,KJ Martin,PHI,22,21,15,6,136.7,35,15,34,44.1,1,7,14.3,4,8,50,5,12,17,11,5,9,1,17,97,0,0,-10
406,Aleksej Pokusevski,OKC,22,7,6,1,43,6,2,11,18.2,1,8,12.5,1,2,50,2,6,8,5,3,0,1,5,23,0,0,-22
406,Colby Jones,SAC,21,12,5,7,77.3,31,14,31,45.2,1,8,12.5,2,3,66.7,7,9,16,2,4,2,1,11,58,0,0,-19
406,Dalano Banton,BOS,24,15,13,2,110.8,42,16,33,48.5,1,8,12.5,9,10,90,11,18,29,7,8,2,2,14,91,0,0,-18
406,Dexter Dennis,DAL,24,4,1,3,29.9,22,10,19,52.6,1,8,12.5,1,3,33.3,1,8,9,4,3,0,1,1,39,0,0,-9
406,Kyle Anderson,MIN,30,32,24,8,741.5,215,84,182,46.2,3,24,12.5,44,64,68.8,22,93,115,127,51,24,24,44,637,0,0,12
406,R.J. Hampton,MIA,22,6,2,4,73.4,10,4,14,28.6,1,8,12.5,1,2,50,2,4,6,7,3,0,0,7,25,0,0,16
406,Seth Lundy,ATL,23,4,2,2,30.3,5,2,10,20,1,8,12.5,0,0,0,1,2,3,0,1,0,0,5,8,0,0,-15
413,Gabe Vincent,LAL,27,5,2,3,127.4,27,12,32,37.5,2,17,11.8,1,2,50,2,3,5,15,2,6,0,12,72,0,0,-2
414,Jalen Hood-Schifino,LAL,20,7,4,3,63.4,18,6,24,25,1,9,11.1,5,10,50,1,5,6,5,5,2,1,8,37,0,0,-40
415,Kira Lewis Jr.,NOP,22,14,8,6,136.4,42,16,50,32,2,19,10.5,8,9,88.9,4,8,12,18,7,5,1,8,94,0,0,-16
416,Julian Phillips,CHI,20,20,8,12,93.1,18,8,23,34.8,1,12,8.3,1,4,25,2,8,10,6,2,1,3,12,49,0,0,4
416,T.J. McConnell,IND,31,25,13,12,380.3,189,81,156,51.9,1,12,8.3,26,35,74.3,13,55,68,119,28,21,3,24,493,1,0,-9
418,Jarred Vanderbilt,LAL,24,13,6,7,231.7,34,15,44,34.1,1,14,7.1,3,4,75,16,37,53,10,4,9,3,25,145,0,0,-4
419,Adama Sanogo,CHI,21,2,0,2,9.5,8,3,3,100,0,0,0,2,3,66.7,2,4,6,0,1,0,0,0,14,0,0,17
419,Alex Fudge,LAL,20,4,1,3,14.5,4,1,6,16.7,0,2,0,2,2,100,2,0,2,0,1,0,0,1,5,0,0,-20
419,Alex Len,SAC,30,10,6,4,81.2,20,8,12,66.7,0,1,0,4,9,44.4,12,21,33,13,5,1,6,7,95,0,0,42
419,Amari Bailey,CHA,19,2,0,2,10.6,5,2,6,33.3,0,2,0,1,2,50,2,0,2,0,1,0,0,0,6,0,0,1
419,Andre Drummond,CHI,30,35,15,20,534.8,250,100,189,52.9,0,2,0,50,91,54.9,117,175,292,20,39,41,18,65,768,5,0,-19
419,Anthony Gill,WAS,31,21,4,17,135.5,51,20,39,51.3,0,8,0,11,14,78.6,11,19,30,10,10,3,6,11,119,0,0,57
419,Ben Simmons,BKN,27,6,3,3,190.7,39,19,36,52.8,0,0,0,1,4,25,16,49,65,40,15,3,5,16,186,2,0,-33
419,Bismack Biyombo,MEM,31,27,11,16,642.7,147,63,112,56.3,0,0,0,21,44,47.7,54,119,173,44,32,10,31,75,512,2,0,-77
419,Blake Wesley,SAS,20,12,2,10,89.9,29,12,27,44.4,0,5,0,5,12,41.7,3,5,8,22,3,5,1,12,87,0,0,-30
419,Boban Marjanovic,HOU,35,4,3,1,26.3,10,5,11,45.5,0,2,0,0,1,0,2,7,9,4,0,0,1,3,30,0,0,-15
419,Brandon Williams,DAL,24,1,0,1,6.7,4,2,3,66.7,0,0,0,0,0,0,1,0,1,1,1,0,0,1,6,0,0,-13
419,Braxton Key,DEN,26,9,7,2,29.4,8,3,10,30,0,2,0,2,3,66.7,1,5,6,6,0,1,0,3,27,0,0,-14
419,Brice Sensabaugh,UTA,20,2,1,1,4.5,0,0,2,0,0,0,0,0,0,0,1,2,3,0,0,0,0,0,4,0,0,-5
419,Bruno Fernando,ATL,25,8,6,2,47.8,20,8,18,44.4,0,1,0,4,6,66.7,5,10,15,3,5,1,1,9,44,0,0,5
419,Charles Bassey,SAS,23,19,3,16,205.3,63,29,40,72.5,0,1,0,5,6,83.3,23,53,76,21,15,8,17,31,246,0,0,-46
419,Clint Capela,ATL,29,32,14,18,840.9,383,161,272,59.2,0,0,0,61,88,69.3,160,187,347,38,30,20,54,86,1048,16,0,-30
419,Cody Zeller,NOP,31,24,12,12,229.3,45,14,42,33.3,0,1,0,17,29,58.6,28,42,70,26,8,4,3,31,181,0,0,28
419,Colin Castleton,LAL,23,4,0,4,28,12,5,8,62.5,0,0,0,2,2,100,3,4,7,3,0,0,0,5,25,0,0,-10
419,Daniel Gafford,WAS,25,30,6,24,765.1,326,134,195,68.7,0,0,0,58,80,72.5,83,145,228,47,31,27,64,101,912,5,0,-147
419,Danny Green,PHI,36,2,1,1,18.4,0,0,2,0,0,1,0,0,0,0,0,2,2,1,0,1,0,1,7,0,0,0
419,Dariq Whitehead,BKN,19,2,1,1,24,3,1,5,20,0,3,0,1,2,50,0,4,4,3,0,0,1,0,15,0,0,-22
419,DeAndre Jordan,DEN,35,14,9,5,184.6,67,28,46,60.9,0,0,0,11,31,35.5,29,45,74,15,12,5,7,23,202,1,0,-31
419,Deandre Ayton,POR,25,24,6,18,760.2,314,143,261,54.8,0,0,0,28,36,77.8,82,176,258,38,50,28,16,59,763,12,0,-143
419,Dereck Lively II,DAL,19,28,18,10,712.8,253,115,158,72.8,0,2,0,23,42,54.8,77,139,216,33,33,16,39,85,694,6,0,81
419,Dmytro Skapintsev,NYK,25,2,0,2,2.1,0,0,1,0,0,0,0,0,0,0,0,0,0,0,0,0,0,0,0,0,0,0
419,E.J. Liddell,NOP,23,3,1,2,8.6,4,1,4,25,0,3,0,2,2,100,0,2,2,0,1,0,1,1,8,0,0,-5
419,Filip Petrusev,SAC,23,3,2,1,9.3,3,1,2,50,0,0,0,1,2,50,0,1,1,0,0,0,0,1,4,0,0,6
419,Greg Brown III,DAL,22,5,2,3,27.9,8,2,6,33.3,0,1,0,4,9,44.4,2,5,7,3,3,0,1,3,21,0,0,-14
419,Hunter Tyson,DEN,23,8,6,2,19.6,2,1,4,25,0,3,0,0,0,0,0,5,5,1,0,0,0,5,10,0,0,3
419,Ibou Badji,POR,21,4,2,2,49.8,13,5,5,100,0,0,0,3,4,75,6,10,16,2,2,0,6,12,51,0,0,-7
419,Isaiah Jackson,IND,21,25,15,10,362.8,186,74,110,67.3,0,2,0,38,52,73.1,39,71,110,24,16,15,32,71,479,1,0,-8
419,Ivica Zubac,LAC,26,32,20,12,861.3,390,168,261,64.4,0,0,0,54,87,62.1,102,208,310,37,38,7,43,90,930,11,0,161
419,JD Davison,BOS,21,1,1,0,2.5,0,0,1,0,0,1,0,0,0,0,0,1,1,0,0,0,0,0,1,0,0,2
419,JaVale McGee,SAC,35,27,15,12,228.2,123,54,81,66.7,0,1,0,15,27,55.6,27,51,78,12,28,6,17,34,276,0,0,21
419,Jacob Toppin,NYK,23,3,0,3,3.9,0,0,0,0,0,0,0,0,0,0,0,0,0,1,0,0,1,0,5,0,0,-1
419,Jakob Poeltl,TOR,28,33,13,20,867.7,347,155,223,69.5,0,0,0,37,70,52.9,92,182,274,80,51,23,42,94,940,12,0,-38
419,Jalen Duren,DET,20,18,3,15,533.4,233,103,163,63.2,0,2,0,27,40,67.5,65,148,213,44,41,9,20,62,601,14,0,-72
419,Jalen Slawson,SAC,24,5,3,2,18.7,4,2,3,66.7,0,1,0,0,0,0,0,4,4,2,2,0,1,3,13,0,0,-14
419,Jamaree Bouyea,POR,24,6,0,6,57.2,10,5,21,23.8,0,8,0,0,0,0,2,8,10,8,8,0,0,3,26,0,0,-22
419,James Johnson,IND,36,3,1,2,15.5,2,1,2,50,0,0,0,0,0,0,1,2,3,4,1,1,0,2,14,0,0,10
419,James Wiseman,DET,22,22,1,21,312.9,141,62,86,72.1,0,1,0,17,26,65.4,30,61,91,14,21,4,15,48,307,1,0,-134
419,Jarrett Allen,CLE,25,29,17,12,870.2,419,174,259,67.2,0,1,0,71,100,71,97,183,280,86,49,23,27,72,985,10,0,21
419,Javonte Smart,PHI,24,1,1,0,0.7,0,0,0,0,0,0,0,0,0,0,0,0,0,0,0,0,0,0,0,0,0,-3
419,Jaxson Hayes,LAL,23,30,17,13,314.7,91,38,58,65.5,0,4,0,15,28,53.6,15,42,57,10,16,6,10,54,206,0,0,-54
419,Jay Huff,DEN,26,2,2,0,1.5,2,1,1,100,0,0,0,0,0,0,0,0,0,0,0,0,0,0,2,0,0,-4
419,Jericho Sims,NYK,25,14,8,6,103.1,23,10,15,66.7,0,0,0,3,5,60,6,18,24,3,2,1,1,14,60,0,0,-30
419,Jermaine Samuels Jr.,HOU,25,6,3,3,37.6,12,5,7,71.4,0,2,0,2,2,100,1,7,8,2,0,1,1,3,31,0,0,-13
419,Jerome Robinson,GSW,26,4,3,1,12.8,3,0,5,0,0,3,0,3,4,75,1,1,2,0,0,0,1,0,8,0,0,0
419,Johnny Juzang,UTA,22,1,0,1,4.4,0,0,2,0,0,2,0,0,0,0,0,0,0,1,0,0,0,0,2,0,0,-1
419,Josh Minott,MIN,21,12,8,4,31.3,20,8,15,53.3,0,5,0,4,6,66.7,1,2,3,3,1,0,1,4,30,0,0,6
419,Joshua Primo,LAC,21,1,1,0,5,2,1,2,50,0,1,0,0,0,0,0,0,0,0,3,0,1,0,2,0,0,-2
419,Juan Toscano-Anderson,SAC,30,7,4,3,18.7,2,1,3,33.3,0,1,0,0,0,0,1,4,5,3,1,1,0,4,15,0,0,-16
419,Jules Bernard,WAS,23,2,0,2,10.1,2,1,5,20,0,3,0,0,0,0,1,0,1,1,1,0,0,1,4,0,0,-7
419,Kaiser Gates,NOP,27,1,0,1,7.4,0,0,4,0,0,2,0,0,0,0,0,1,1,0,0,0,0,0,1,0,0,-2
419,Kevon Looney,GSW,27,33,16,17,685,175,72,124,58.1,0,0,0,31,45,68.9,85,161,246,84,27,20,9,82,656,1,0,-61
419,Keyontae Johnson,OKC,23,1,0,1,5.5,0,0,1,0,0,0,0,0,0,0,0,0,0,0,0,0,0,0,0,0,0,-2
419,Kobe Bufkin,ATL,20,2,2,0,4.4,1,0,3,0,0,1,0,1,2,50,1,1,2,0,0,0,0,0,3,0,0,-14
419,Lindell Wigginton,MIL,25,3,3,0,7.6,6,2,5,40,0,2,0,2,2,100,0,0,0,0,1,0,0,1,5,0,0,-10
419,Luka Garza,MIN,25,6,3,3,18.3,13,4,12,33.3,0,3,0,5,8,62.5,3,4,7,2,1,0,0,6,23,0,0,3
419,Luke Kornet,BOS,28,20,14,6,284.3,106,46,63,73,0,0,0,14,16,87.5,35,35,70,15,7,9,19,23,290,0,0,6
419,Malcolm Cazalon,DET,22,1,0,1,2.6,0,0,0,0,0,0,0,0,0,0,0,0,0,0,0,0,0,0,0,0,0,5
419,Mark Williams,CHA,22,19,7,12,508.4,242,98,151,64.9,0,0,0,46,64,71.9,76,108,184,22,17,16,20,50,587,8,0,-21
419,Markelle Fultz,ORL,25,5,2,3,143.1,57,27,56,48.2,0,3,0,3,4,75,8,9,17,20,6,6,2,6,125,0,0,5
419,Markquis Nowell,TOR,24,1,0,1,3.5,2,0,1,0,0,0,0,2,2,100,2,0,2,2,0,1,0,0,10,0,0,4
419,Marques Bolden,MIL,25,2,2,0,3,0,0,0,0,0,0,0,0,0,0,0,2,2,0,0,0,0,1,2,0,0,8
419,Mason Plumlee,LAC,33,6,3,3,102,30,12,19,63.2,0,0,0,6,14,42.9,8,25,33,6,5,4,1,6,89,0,0,-14
419,Micah Potter,UTA,25,2,1,1,7.3,0,0,1,0,0,1,0,0,0,0,0,4,4,0,0,0,0,0,5,0,0,-13
419,Mitchell Robinson,NYK,25,21,12,9,613.3,130,58,98,59.2,0,0,0,14,38,36.8,112,104,216,15,21,32,27,40,568,2,0,33
419,Moses Brown,POR,24,9,2,7,82.2,18,9,21,42.9,0,0,0,0,4,0,18,28,46,2,4,2,3,11,87,0,0,-34
419,Mouhamed Gueye,ATL,21,2,2,0,4.4,0,0,1,0,0,1,0,0,0,0,0,0,0,0,0,1,0,1,3,0,0,-13
419,Moussa Diabate,LAC,21,10,6,4,57.7,27,9,18,50,0,0,0,9,12,75,14,6,20,4,2,4,0,4,67,0,0,-3
419,Nate Williams,HOU,24,4,2,2,21.6,13,6,11,54.5,0,2,0,1,2,50,0,0,0,2,0,1,0,2,19,0,0,-2
419,Nathan Mensah,CHA,25,8,1,7,96.7,12,4,9,44.4,0,0,0,4,6,66.7,7,18,25,1,4,3,5,17,64,0,0,-52
419,Neemias Queta,BOS,24,12,11,1,174,64,26,45,57.8,0,0,0,12,16,75,27,36,63,7,5,6,4,26,175,2,0,44
419,Nick Richards,CHA,26,26,5,21,606.1,232,90,128,70.3,0,0,0,52,68,76.5,58,128,186,19,25,12,33,67,594,6,0,-182
419,Noah Clowney,BKN,19,2,1,1,26.6,14,6,9,66.7,0,1,0,2,2,100,3,2,5,2,1,0,0,3,22,0,0,-25
419,Onuralp Bitim,CHI,24,1,0,1,3.2,0,0,0,0,0,0,0,0,0,0,0,0,0,0,0,0,0,0,0,0,0,-2
419,Oscar Tshiebwe,IND,24,3,0,3,17.4,11,4,8,50,0,0,0,3,4,75,2,3,5,2,0,0,0,1,20,0,0,15
419,Richaun Holmes,DAL,30,16,6,10,168.8,55,23,46,50,0,0,0,9,18,50,25,35,60,8,10,2,6,22,153,0,0,-11
419,Ricky Council IV,PHI,22,1,1,0,6,0,0,1,0,0,1,0,0,0,0,0,0,0,0,0,0,0,0,0,0,0,-12
419,Robert Williams III,POR,26,6,2,4,118.8,41,17,26,65.4,0,0,0,7,9,77.8,11,27,38,5,7,7,7,17,129,0,0,-30
419,Ron Harper Jr.,TOR,23,1,1,0,3.6,0,0,0,0,0,0,0,0,0,0,0,0,0,1,0,0,0,2,2,0,0,-9
419,Rudy Gobert,MIN,31,32,24,8,1046.7,411,156,252,61.9,0,1,0,99,156,63.5,113,274,387,39,51,23,68,89,1156,21,0,183
419,Ryan Arcidiacono,NYK,29,11,6,5,21.7,0,0,3,0,0,3,0,0,0,0,0,5,5,3,0,1,0,1,14,0,0,-1
419,Saben Lee,PHX,24,7,4,3,57.7,26,8,18,44.4,0,4,0,10,11,90.9,3,5,8,11,3,2,2,5,61,0,0,23
419,Shaquille Harrison,MEM,30,3,1,2,6,2,1,2,50,0,0,0,0,0,0,0,2,2,0,0,0,1,0,7,0,0,-11
419,Sidy Cissoko,SAS,19,5,0,5,31.6,6,1,6,16.7,0,4,0,4,4,100,0,6,6,0,1,3,0,2,21,0,0,15
419,Taj Gibson,NYK,38,10,5,5,96.5,14,7,14,50,0,4,0,0,0,0,6,12,18,5,2,1,6,20,62,0,0,-26
419,Terry Taylor,CHI,24,12,5,7,74.6,16,8,14,57.1,0,3,0,0,0,0,10,5,15,3,5,3,1,8,46,0,0,23
419,Thaddeus Young,TOR,35,7,2,5,30.5,13,6,10,60,0,0,0,1,3,33.3,3,4,7,7,4,2,0,3,34,0,0,11
419,Thanasis Antetokounmpo,MIL,31,14,10,4,58.4,8,4,9,44.4,0,0,0,0,0,0,3,4,7,7,5,2,1,9,31,0,0,12
419,Thomas Bryant,MIA,26,19,12,7,225.9,97,40,72,55.6,0,3,0,17,20,85,22,47,69,12,15,6,5,23,216,0,0,-29
419,Trayce Jackson-Davis,GSW,23,23,11,12,295.9,135,54,84,64.3,0,0,0,27,44,61.4,38,53,91,22,17,8,17,39,335,3,0,61
419,Trent Forrest,ATL,25,9,5,4,79.3,16,6,18,33.3,0,1,0,4,4,100,4,6,10,14,3,2,1,8,55,0,0,-11
419,Trevelin Queen,ORL,26,1,0,1,1.3,0,0,1,0,0,1,0,0,0,0,0,0,0,0,0,1,0,0,3,0,0,3
419,Tristan Thompson,CLE,32,29,17,12,333.8,98,44,67,65.7,0,0,0,10,30,33.3,50,59,109,29,16,6,9,36,301,1,0,7
419,Ty Jerome,CLE,26,2,1,1,14.8,4,2,4,50,0,1,0,0,0,0,1,0,1,3,1,0,0,2,9,0,0,-14
419,Udoka Azubuike,PHX,24,8,6,2,71.4,28,13,17,76.5,0,0,0,2,7,28.6,8,15,23,2,3,0,6,11,74,1,0,-3
419,Usman Garuba,GSW,21,2,2,0,6,0,0,1,0,0,0,0,0,0,0,0,0,0,1,0,1,0,1,5,0,0,-3
419,Wendell Moore Jr.,MIN,22,7,4,3,18.9,2,1,3,33.3,0,2,0,0,0,0,0,1,1,1,2,1,0,1,6,0,0,-6
419,Xavier Moon,LAC,29,2,2,0,11.6,2,1,2,50,0,1,0,0,0,0,0,2,2,3,1,0,0,1,8,0,0,-13