PLAYER,TEAM,AGE,GP,W,L,MIN,PTS,FGM,FGA,FG%,3PM,3PA,3P%,FTM,FTA,FT%,OREB,DREB,REB,AST,TOV,STL,BLK,PF,FP,DD2,TD3,+/-,
1,DeMar DeRozan,CHI,34,70,33,37,37.6,23.3,7.9,16.6,47.4,0.9,2.8,33.2,6.6,7.6,86,0.6,3.7,4.3,5.3,1.5,1.1,0.6,2.1,39.9,6,0,-1.2
2,Miles Bridges,CHA,26,60,14,46,37.6,21.2,8.2,17.8,45.9,2.3,6.5,35.2,2.5,3.1,81,1.1,6.4,7.5,3.3,2.1,1,0.5,1.8,37.5,18,0,-9.5
3,Luka Doncic,DAL,25,62,39,23,37.5,34,11.6,23.8,48.6,3.9,10.4,37.3,7,8.9,78.7,0.8,8.2,9,9.9,4,1.5,0.5,2,61.8,42,19,3.3
4,Tyrese Maxey,PHI,23,63,38,25,37.3,25.8,9,20,44.9,3,8,37.9,4.8,5.5,86.7,0.5,3.1,3.6,6.1,1.7,1,0.5,2.2,42,7,0,3.6
5,Kevin Durant,PHX,35,65,37,28,37.2,27.6,10.1,19.1,52.8,2.2,5.3,41.8,5.1,6,85.4,0.5,6.1,6.7,5.3,3.3,0.9,1.3,1.8,46.7,13,1,3.7
6,Coby White,CHI,24,69,32,37,36.6,19.3,6.8,15.3,44.6,2.8,7.2,38.2,2.9,3.4,84.4,0.6,4.1,4.7,5.2,2.2,0.7,0.2,2.3,33.4,5,0,-0.3
7,Trae Young,ATL,25,51,22,29,36.5,26.4,8.2,19.3,42.6,3.3,8.9,37.1,6.6,7.8,85.6,0.4,2.3,2.7,10.8,4.3,1.4,0.2,2.1,46.4,35,0,-2.2
8,Fred VanVleet,HOU,30,64,35,29,36.5,16.8,5.6,13.5,41.3,3.1,7.9,38.7,2.6,3,86.5,0.4,3.3,3.7,8.2,1.8,1.3,0.8,2.3,38.1,19,0,3
9,Domantas Sabonis,SAC,27,71,42,29,35.9,19.8,7.9,13.1,60.8,0.4,1.1,40.8,3.5,5,71,3.5,10.2,13.7,8.3,3.3,0.9,0.6,3.1,49.9,67,25,0.9
10,Devin Booker,PHX,27,58,36,22,35.8,27.4,9.7,19.6,49.5,2.2,6,36.4,5.8,6.6,88,0.8,3.9,4.8,6.9,2.5,0.9,0.4,3.1,45,12,0,4.8
11,Jayson Tatum,BOS,26,67,53,14,35.8,27.3,9.2,19.5,47.3,3.2,8.3,37.9,5.7,6.8,83.1,0.9,7.3,8.2,4.9,2.6,1,0.6,2,46.8,23,0,9.1
12,De'Aaron Fox,SAC,26,63,38,25,35.7,26.7,9.8,20.9,46.8,2.8,7.7,36.2,4.3,6,72.7,1,3.5,4.5,5.7,2.7,2,0.4,2.6,45.1,5,0,3.1
13,Anthony Davis,LAL,31,67,38,29,35.6,24.6,9.4,16.9,55.8,0.3,1.2,28,5.4,6.7,81.2,3.1,9.4,12.5,3.6,2,1.2,2.4,2.4,53.7,56,2,1.1
14,Julius Randle,NYK,29,46,29,17,35.4,24,8.6,18.2,47.2,1.7,5.3,31.1,5.1,6.6,78.1,2.2,7,9.2,5,3.5,0.5,0.3,2.7,41.4,18,1,4.7
15,Dejounte Murray,ATL,27,68,30,38,35.4,22.3,8.5,18.3,46.3,2.5,6.8,36.6,2.8,3.5,80.3,0.8,4.5,5.3,6.2,2.4,1.5,0.3,1.7,40.7,16,0,-1.7
16,Donovan Mitchell,CLE,27,49,33,16,35.4,27.4,9.4,20.2,46.8,3.4,9.1,37.3,5.1,5.9,86.2,0.9,4.4,5.3,6.1,2.9,1.8,0.5,2.2,46.8,6,0,7
17,Ja Morant,MEM,24,9,6,3,35.3,25.1,8.9,18.9,47.1,1.6,5.7,27.5,5.8,7.1,81.3,0.7,4.9,5.6,8.1,3,0.8,0.6,2.1,44.9,3,0,1.2
18,Mikal Bridges,BKN,27,72,27,45,35.3,20.4,7.2,16.3,43.8,2.6,7.2,36.5,3.4,4.3,81,0.8,3.9,4.7,3.7,2.2,1,0.4,1.5,33.4,3,0,-2.1
19,Anthony Edwards,MIN,22,68,47,21,35.3,26.4,9.3,20.1,46.5,2.5,6.7,37.4,5.3,6.4,83.1,0.6,4.9,5.5,5.2,3.1,1.3,0.6,1.8,43.3,8,0,6.4
20,LeBron James,LAL,39,62,34,28,35.2,25.4,9.5,18,53,2.2,5.3,40.6,4.1,5.5,75.1,0.8,6.3,7.2,8.1,3.3,1.2,0.6,1.2,48.1,22,3,2.2
21,Damian Lillard,MIL,33,66,46,20,35.1,24.4,7.5,17.5,42.8,3.1,8.6,36,6.4,6.9,92.7,0.5,3.9,4.4,7,2.6,1,0.2,1.8,41.4,12,0,6
22,Jalen Brunson,NYK,27,66,42,24,35.1,27.4,9.8,20.6,47.5,2.7,6.7,40.2,5.2,6.1,84.4,0.6,3,3.6,6.5,2.4,0.9,0.2,1.9,42.4,5,0,5.8
23,Giannis Antetokounmpo,MIL,29,66,43,23,35,30.7,11.4,18.6,61.6,0.5,1.7,29.6,7.3,11,66.4,2.6,8.7,11.3,6.4,3.4,1.2,1,2.9,56.9,52,8,5
24,Scottie Barnes,TOR,22,60,22,38,34.9,19.9,7.5,15.7,47.5,1.7,4.9,34.1,3.3,4.2,78.1,2.4,5.9,8.2,6.1,2.8,1.3,1.5,2,44.2,25,4,-2.4
25,Zach LaVine,CHI,29,25,10,15,34.9,19.5,6.8,15,45.2,2.4,6.8,34.9,3.5,4.1,85.4,0.3,4.8,5.2,3.9,2.1,0.8,0.3,2.3,33,1,0,-3.7
26,Paolo Banchero,ORL,21,69,41,28,34.8,22.6,8.1,17.4,46.6,1.5,4.2,36.5,4.9,6.9,71.2,1,5.7,6.8,5.4,3.1,1,0.6,2,40.2,14,2,0.1
27,James Harden,LAC,34,64,40,24,34.7,17.1,5.1,11.5,44,2.7,6.8,39.6,4.3,4.8,88.4,0.5,4.6,5.1,8.5,2.6,1.1,0.9,1.9,39.2,21,2,4.5
28,Kyrie Irving,DAL,32,49,31,18,34.4,25.3,9.6,19.7,49,2.9,7.2,40.6,3.1,3.4,91,0.8,4.3,5.1,5.2,1.7,1.2,0.4,1.9,42.6,5,0,3.2
29,Nikola Vucevic,CHI,33,67,32,35,34.4,18,7.7,16,48.2,1.2,4.1,28.2,1.4,1.6,82.7,2.8,7.8,10.6,3.3,1.6,0.7,0.8,2.6,38.6,40,0,-2.2
30,Nikola Jokic,DEN,29,69,49,20,34.4,26.1,10.3,17.7,58.1,1,2.9,35.4,4.6,5.5,82.6,2.9,9.4,12.3,9,2.9,1.3,0.9,2.5,57.9,58,22,8.2
31,Anfernee Simons,POR,24,46,11,35,34.4,22.6,7.8,18.2,43,3.4,8.8,38.5,3.5,3.9,91.6,0.5,3.2,3.6,5.5,2.7,0.5,0.1,2.1,34.3,3,0,-7.2
32,Shai Gilgeous-Alexander,OKC,25,69,49,20,34.4,30.5,10.8,20,54.1,1.3,3.6,36.7,7.6,8.7,87.2,0.9,4.8,5.6,6.3,2.2,2.1,0.9,2.5,53.6,8,0,7.8
33,Bam Adebayo,MIA,26,60,33,27,34.3,19.7,7.6,14.6,51.9,0.1,0.4,31.8,4.4,5.8,75.3,2.3,8.4,10.7,3.9,2.3,1.1,1,2.3,42.3,37,2,-0.1
34,Desmond Bane,MEM,25,41,14,27,34.2,23.7,8.6,18.5,46.4,3.2,8.6,37.9,3.3,3.8,86.5,0.9,3.5,4.4,5.2,2.6,1,0.5,2.8,38.9,2,0,-4.7
35,Kawhi Leonard,LAC,32,65,41,24,34.1,23.8,8.9,17,52.7,2.1,5,41.9,3.8,4.3,88.8,1.2,4.8,6,3.6,1.7,1.6,0.8,1.4,42,3,1,5.8
36,Paul George,LAC,33,65,41,24,34.1,22.5,8,16.9,47.1,3.3,8.2,40.6,3.3,3.7,89.6,0.5,4.7,5.2,3.6,2,1.6,0.5,2.8,38.4,1,0,6.4
37,Jimmy Butler,MIA,34,50,26,24,34.1,21.4,6.8,13.6,50.1,1,2.4,41.5,6.8,7.9,85.6,1.9,3.5,5.4,4.8,1.7,1.4,0.3,1.2,38.6,5,1,3.1
38,OG Anunoby,NYK,26,44,26,18,34.1,14.9,5.7,11.5,49.2,2,5.5,37.1,1.5,2,76.7,1,3.4,4.3,2.3,1.6,1.3,0.7,2.3,27.9,0,0,7.6
39,Rudy Gobert,MIN,31,65,46,19,34,13.6,5.2,8.1,64.6,0,0,0,3.2,4.9,64.7,3.7,9.2,12.9,1.2,1.6,0.6,2.1,3.1,37.6,45,0,6.1
40,Joel Embiid,PHI,30,34,26,8,34,35.3,11.8,22.2,53.3,1.2,3.3,36.6,10.5,11.9,88.3,2.6,8.7,11.3,5.7,3.7,1.1,1.8,2.9,62.4,27,2,6.9
41,Jalen Johnson,ATL,22,51,25,26,34,16.1,6.4,12.5,51.3,1.3,3.6,35.3,2,2.7,72.5,1.3,7.3,8.6,3.5,1.7,1.1,0.9,2.5,36.1,18,0,-1.4
42,Terry Rozier,MIA,30,54,18,36,33.9,19.8,7.3,16.5,44.1,2.2,6.6,33.9,3,3.5,86.6,0.6,3.6,4.2,5.9,1.8,1,0.3,1.7,35.8,4,0,-5.8
43,Jerami Grant,POR,30,54,17,37,33.9,21,7.1,15.7,45.1,2.1,5.1,40.2,4.7,5.8,81.7,0.7,2.9,3.5,2.8,2.1,0.8,0.6,2.2,31.7,1,0,-6.5
44,Tobias Harris,PHI,31,63,36,27,33.9,17.1,6.6,13.7,48.6,1.2,3.6,33.3,2.7,3.1,87.6,1.1,5.2,6.3,3.1,1.4,1,0.6,1.7,32.8,8,0,2.8
45,Pascal Siakam,IND,29,71,32,39,33.7,21.9,8.6,16,53.7,1.1,3.3,33.8,3.6,5,72.7,1.7,5.3,7,4.5,1.8,0.8,0.3,2.4,38.7,14,1,1
46,Grayson Allen,PHX,28,66,39,27,33.7,13.5,4.5,8.8,50.9,2.8,5.8,47.9,1.7,2,88.4,0.6,3.2,3.8,3.1,1.3,0.9,0.6,2.2,25.9,1,0,3.2
47,Tyler Herro,MIA,24,36,19,17,33.6,20.8,7.9,18,43.7,3.3,8.1,39.9,1.8,2.2,83.5,0.5,4.8,5.3,4.4,2.1,0.8,0.1,1.4,34.3,2,0,-0.6
48,Cade Cunningham,DET,22,59,8,51,33.5,22.1,8.3,18.5,44.7,1.9,5.4,34.9,3.7,4.3,86.6,0.5,3.8,4.3,7.6,3.5,0.9,0.4,2.5,38.9,14,0,-6.2
49,Jaylen Brown,BOS,27,64,49,15,33.5,23.4,9.1,18,50.3,2.1,5.9,35.7,3.2,4.5,69.9,1.2,4.4,5.6,3.6,2.3,1.2,0.5,2.6,38,5,1,6.7
50,Keegan Murray,SAC,23,66,39,27,33.2,14.9,5.7,12.3,46.1,2.2,6.2,35.6,1.4,1.7,82,1.3,4.1,5.4,1.7,0.9,1.1,0.7,2.7,28.4,6,0,1.8
51,Darius Garland,CLE,24,48,27,21,33.2,18.5,6.7,14.8,45.1,2.3,6.3,36.8,2.8,3.3,83.6,0.5,2,2.6,6.3,3.1,1.2,0.1,1.8,31.9,4,0,2.3
52,Shaedon Sharpe,POR,20,32,8,24,33.1,15.9,5.5,13.6,40.6,1.9,5.6,33.3,3.1,3.7,82.4,1.3,3.7,5,2.9,2.3,0.9,0.4,2.8,27.8,1,0,-7.7
53,Jrue Holiday,BOS,33,61,48,13,33.1,12.8,4.9,10,48.5,2,4.6,44.5,1,1.2,83.3,1.2,4.2,5.4,4.9,1.8,0.9,0.8,1.6,29.8,7,0,6.8
54,Brandon Ingram,NOP,26,63,38,25,33,20.9,7.8,16,49,1.3,3.8,35.6,3.9,4.9,80.1,0.7,4.4,5.1,5.8,2.6,0.8,0.6,2.3,37.4,3,1,3.2
55,Bradley Beal,PHX,30,43,26,17,33,17.9,7,14,50.3,1.6,4.3,37.4,2.2,2.8,79.8,0.9,3.3,4.1,5.1,2.5,1,0.3,2.4,31.9,3,0,1.8
56,Lauri Markkanen,UTA,26,54,22,32,32.9,23.2,7.8,16.2,48,3.2,8,39.8,4.5,5,89.7,2.2,6,8.2,2,1.4,0.9,0.5,1.8,38.8,19,0,0.4
57,Karl-Anthony Towns,MIN,28,60,41,19,32.8,22.1,7.9,15.5,50.6,2.2,5.3,42.3,4.2,4.8,87.4,1.5,6.9,8.4,3,2.8,0.7,0.7,3.3,38,22,0,5.7
58,Devin Vassell,SAS,23,66,15,51,32.8,19.2,7.2,15.4,46.9,2.4,6.5,37.1,2.4,3,80.2,0.4,3.5,3.9,4,1.5,1.1,0.3,1.1,32.6,0,0,-4.3
59,Saddiq Bey,ATL,24,63,28,35,32.7,13.7,4.6,11.1,41.6,1.8,5.7,31.6,2.7,3.2,83.7,2.7,3.9,6.5,1.5,0.9,0.8,0.2,1.4,25.8,8,0,-0.3
60,Franz Wagner,ORL,22,63,39,24,32.7,19.8,7.4,15.4,48.1,1.4,4.8,29,3.6,4.3,84.8,1,4.4,5.4,3.9,2,1,0.4,2.4,34.4,0,0,2.5
61,Josh Hart,NYK,29,70,42,28,32.7,9,3.5,8.3,41.9,1,3.4,30.4,1,1.3,76.6,1.5,6.6,8.2,3.8,1.4,0.9,0.3,2,26.7,16,6,3.5
62,Stephen Curry,GSW,36,64,35,29,32.7,26.8,8.8,19.7,44.8,4.9,12.1,40.4,4.3,4.6,92.3,0.5,3.9,4.5,4.9,2.9,0.8,0.3,1.6,39.9,6,0,1.5
63,Derrick White,BOS,29,66,54,12,32.6,15.4,5.4,11.7,46.2,2.7,6.8,39.5,2,2.2,89.6,0.7,3.6,4.3,5.2,1.6,1,1.3,2.1,33.7,5,1,9.4
64,Alperen Sengun,HOU,21,63,29,34,32.5,21.1,8.4,15.6,53.7,0.5,1.8,29.7,3.9,5.6,69.3,2.9,6.4,9.3,5,2.6,1.2,0.7,3.3,43,29,2,0.8
65,LaMelo Ball,CHA,22,22,7,15,32.3,23.9,8.3,19.2,43.3,3.2,9,35.5,4.1,4.7,86.5,1.3,3.8,5.1,8,3.8,1.8,0.2,3.6,44.3,7,1,-6.3
66,Deandre Ayton,POR,25,47,12,35,32.3,15.8,7.3,12.6,58,0,0.1,33.3,1.2,1.5,81.2,3.2,7.9,11.1,1.6,1.8,1,0.8,2.1,35,26,0,-4.9
67,Kyle Kuzma,WAS,28,67,13,54,32.3,22.4,8.7,18.7,46.7,2.2,6.5,33.6,2.7,3.5,78.1,0.9,5.6,6.5,4.2,2.7,0.5,0.7,2.2,37.5,12,0,-8.1
68,Tyrese Haliburton,IND,24,60,34,26,32.3,20.4,7.4,15.4,47.9,2.8,7.7,36.7,2.8,3.3,85.7,0.5,3.4,3.9,11.2,2.4,1.2,0.7,1,45,41,1,3.5
69,Max Strus,CLE,27,60,39,21,32.2,12.2,4.4,10.6,41.2,2.4,7.1,34,1,1.3,78.5,0.9,3.9,4.7,3.8,1.5,0.9,0.5,2.6,26.2,4,0,4.3
70,Jaren Jackson Jr.,MEM,24,62,20,42,32.1,22.4,7.8,17.5,44.3,1.8,5.6,32.4,5,6.3,80.5,1.3,4.3,5.5,2.3,2.5,1.1,1.6,3.6,38.3,5,0,-4.6
71,D'Angelo Russell,LAL,28,65,38,27,32.1,18,6.6,14,46.7,2.9,6.8,42.3,2,2.5,80.9,0.4,2.6,3,6.3,2,0.8,0.5,2.1,33.1,8,0,1.8
72,Jamal Murray,DEN,27,54,40,14,32.1,20.9,7.9,16.7,47.5,2.4,5.6,41.9,2.7,3.2,85.5,0.7,3.4,4.1,6.7,2.1,1,0.6,1.8,38.5,11,0,4.5
73,Brandon Miller,CHA,21,64,15,49,32,16.8,6.3,14.5,43.4,2.3,6.4,36.8,1.8,2.2,81.1,0.8,3.4,4.3,2.4,1.8,0.9,0.5,2.5,28,1,0,-6.8
74,Austin Reaves,LAL,25,71,39,32,31.8,15.9,5.5,11.3,49.1,1.9,5,37.8,3,3.4,86.1,0.6,3.5,4.2,5.5,2.1,0.8,0.2,1.8,30.2,6,0,-0.9
75,Kentavious Caldwell-Pope,DEN,31,66,48,18,31.8,9.9,3.5,7.7,45.1,1.5,3.9,39.7,1.5,1.6,92.5,0.4,2,2.3,2.4,1,1.4,0.5,1.9,21,0,0,7.2
76,Michael Porter Jr.,DEN,25,71,51,20,31.7,16.9,6.5,13.2,49.3,2.8,6.9,40.5,1.1,1.4,82.3,1.4,5.6,7,1.5,1.1,0.5,0.7,1.8,29.9,13,0,5.7
77,Jarrett Allen,CLE,25,67,42,25,31.7,16.2,6.5,10.4,62.7,0,0.1,0,3.2,4.2,74.6,3.2,7.5,10.7,2.7,1.6,0.7,1.1,2,37,36,0,3.2
78,RJ Barrett,TOR,23,53,24,29,31.6,19.5,7.3,14.9,48.8,1.6,4.4,36.9,3.4,4.8,70.9,0.9,4.4,5.3,3.2,2,0.5,0.4,2.2,31.4,1,0,-2.3
79,Jalen Williams,OKC,22,63,44,19,31.6,19.2,7.6,14,54.1,1.5,3.3,44.1,2.6,3.2,81.5,0.5,3.5,4,4.5,1.7,1.1,0.6,2.6,34.1,2,0,5.1
80,Aaron Gordon,DEN,28,65,45,20,31.5,13.8,5.5,9.9,55.3,0.5,1.8,28,2.3,3.6,65.2,2.4,4.1,6.5,3.4,1.4,0.8,0.6,1.9,29.5,12,0,5.5
81,CJ McCollum,NOP,32,55,37,18,31.5,18.6,6.8,14.8,46.1,3.3,8,41.8,1.6,2,79.3,0.5,3.6,4.1,4.4,1.6,1,0.7,1.9,33.5,1,0,3.5
82,Jabari Smith Jr.,HOU,20,65,34,31,31.5,13.3,4.8,10.7,45.2,1.7,4.7,35.7,1.9,2.3,82.1,2,6.5,8.5,1.5,1.2,0.7,0.7,2.7,28.9,16,0,-0.4
83,Jalen Green,HOU,22,71,36,35,31.4,19.6,6.8,16.1,42.4,2.4,7.2,33.4,3.5,4.4,80.6,0.5,4.5,5,3.4,2.2,0.8,0.4,1.3,31.8,6,1,1.2
84,Isaiah Stewart,DET,22,46,9,37,30.9,10.9,4,8.3,48.7,1.5,3.8,38.3,1.4,1.8,75.3,1.6,5,6.6,1.6,1.4,0.4,0.8,2.2,23.4,5,0,-2.9
85,Zion Williamson,NOP,23,60,37,23,30.9,22.6,8.9,15.2,58.6,0.1,0.2,35.7,4.7,6.7,70,1.8,4.1,5.9,5,2.7,0.9,0.6,2.3,39,10,0,2.5
86,Dennis Schroder,BKN,30,72,25,47,30.9,13.8,5,11.3,43.8,1.7,4.5,37.2,2.2,2.7,82.2,0.4,2.4,2.8,6,2,0.8,0.2,2,27.3,7,0,-2.1
87,Dillon Brooks,HOU,28,62,32,30,30.8,12.9,4.6,10.6,43.6,1.8,5,36.4,1.8,2.1,84.6,0.7,2.7,3.4,1.7,1.2,0.9,0.1,3.3,21.3,1,0,0.4
88,Evan Mobley,CLE,22,40,25,15,30.7,15.6,6.5,11.2,58.1,0.3,1,33.3,2.4,3.4,70.1,2.4,7.6,10,3.1,1.9,0.9,1.5,2.8,37.4,20,0,0.8
89,Brook Lopez,MIL,35,68,45,23,30.7,12.5,4.6,9.6,48.1,1.9,5.1,36.3,1.3,1.6,82.7,1.5,3.8,5.3,1.7,0.9,0.6,2.5,2.4,29.6,4,0,4.6
90,Jordan Clarkson,UTA,31,55,22,33,30.6,17.1,6.1,14.8,41.3,1.7,5.6,29.4,3.2,3.7,88.1,0.9,2.5,3.4,5,2.7,0.6,0.1,1.5,28.4,6,1,-3.5
91,Cam Thomas,BKN,22,56,18,38,30.6,21.5,7.7,17.5,44.2,2,5.7,35.7,4,4.7,84.4,0.4,2.8,3.2,2.8,1.9,0.7,0.2,2.1,30.5,0,0,-3.1
92,Marcus Smart,MEM,30,20,7,13,30.2,14.5,5.1,11.9,43,2.1,6.7,31.3,2.2,2.8,76.8,0.3,2.4,2.7,4.3,3.1,2.1,0.3,2.7,27.9,0,0,-1
93,Chet Holmgren,OKC,21,70,49,21,30.1,17,6.4,11.9,53.6,1.7,4.3,38.4,2.6,3.2,79.7,1.6,6.3,7.9,2.6,1.5,0.7,2.4,2.3,38.1,22,0,5.2
94,P.J. Washington,DAL,25,63,22,41,30.1,12.7,4.8,11,43.5,1.7,5.5,30.3,1.4,2,70.4,1.2,4.2,5.4,1.9,1.3,0.9,0.8,2.4,25.7,2,0,-3.3
95,Bogdan Bogdanovic,ATL,31,68,31,37,29.8,16.5,5.9,13.9,42.5,3.1,8.2,37.6,1.7,1.9,90.6,0.6,2.7,3.4,3,1.3,1.2,0.3,2.3,28.3,0,0,2.2
96,Jeremy Sochan,SAS,20,72,16,56,29.7,11.7,4.6,10.5,43.7,0.9,3.1,30.9,1.5,2,77.5,1.9,4.6,6.5,3.4,1.9,0.8,0.5,2.3,26.7,7,0,-4.8
97,Kelly Oubre Jr.,PHI,28,58,32,26,29.7,14.9,5.5,12.6,44.1,1.4,4.6,30.1,2.4,3.3,73.8,1.4,3.3,4.7,1.4,1.2,1.2,0.6,2.9,26.9,3,0,-1.4
98,Herbert Jones,NOP,25,65,41,24,29.7,11,3.9,7.6,51.5,1.5,3.5,43.1,1.7,2,84.6,1,2.5,3.6,2.5,1.2,1.3,0.9,2.9,24.4,0,0,3.7
99,Jalen Duren,DET,20,54,12,42,29.7,13.8,5.8,9.3,62.5,0,0.1,0,2.2,2.9,77.6,3.3,8.6,11.9,2.5,2.1,0.5,0.8,3.3,33.7,39,0,-5.2
100,Nic Claxton,BKN,24,62,22,40,29.7,12.1,5.2,8.3,63.2,0,0.1,20,1.6,2.7,58.9,2.7,7.1,9.8,2,1.2,0.6,2,2.5,33.8,26,0,-4.4
101,Malik Beasley,MIL,27,68,43,25,29.6,11.4,4.1,9,45.6,2.9,6.7,43,0.3,0.5,68.8,0.6,3.3,3.9,1.4,0.7,0.8,0.1,2,20.1,1,0,5
102,Kristaps Porzingis,BOS,28,50,38,12,29.6,20.3,6.8,13.3,51.4,2,5.3,37.1,4.6,5.4,85.9,1.7,5.2,6.9,1.9,1.6,0.7,1.8,2.8,37.2,9,0,7.8
103,Klay Thompson,GSW,34,67,33,34,29.6,17.3,6.1,14.5,42.3,3.4,8.8,38.2,1.7,1.8,91.7,0.5,2.9,3.3,2.2,1.5,0.6,0.4,1.7,26.3,0,0,-1.1
104,Keldon Johnson,SAS,24,67,16,51,29.5,15.8,5.7,12.6,45.5,1.9,5.3,34.8,2.5,3.1,78.7,1.4,4.1,5.5,2.8,1.4,0.7,0.3,2.1,28.3,9,0,-5.4
105,Jordan Poole,WAS,24,70,14,56,29.3,16.7,6,14.7,40.9,2.2,6.9,32.2,2.5,2.8,86.9,0.4,2.2,2.6,3.9,2.3,1.1,0.3,3.2,27.8,2,0,-6.9
106,Jaden McDaniels,MIN,23,61,41,20,29.3,10.6,4.3,8.8,48.9,1.2,3.5,34.9,0.8,1.1,70.1,0.8,2.3,3.1,1.3,1.2,0.9,0.6,3.2,19.5,0,0,2.6
107,Tyus Jones,WAS,27,66,11,55,29.3,12,4.9,10.1,48.9,1.6,3.9,41.4,0.5,0.6,80,0.3,2.4,2.7,7.3,1,1.1,0.3,0.7,29.3,9,1,-7.5
108,Jaime Jaquez Jr.,MIA,23,64,37,27,29.3,12.3,4.7,9.8,48.6,0.9,2.8,31.5,1.9,2.4,80.4,1.2,2.8,4,2.6,1.5,1.1,0.2,2.3,23.3,1,0,0.2
109,Harrison Barnes,SAC,31,71,42,29,29.3,12.3,4.3,8.8,48.2,1.9,4.7,39.6,1.8,2.3,80.4,0.8,2.1,2.9,1.1,0.7,0.6,0.2,1.3,19.1,0,0,-1.6
110,Mitchell Robinson,NYK,25,21,12,9,29.2,6.2,2.8,4.7,59.2,0,0,0,0.7,1.8,36.8,5.3,5,10.3,0.7,1,1.5,1.3,1.9,27,2,0,1.6
111,Deni Avdija,WAS,23,65,13,52,29.2,14.2,5.3,10.4,50.9,1.2,3,39.2,2.4,3.3,72.6,1.2,5.8,7,3.7,2,0.8,0.4,2.5,29.7,13,0,-5
112,Victor Wembanyama,SAS,20,63,14,49,29,20.7,7.5,16.2,46.6,1.7,5.2,32.1,4,5,79.9,2.2,8.1,10.4,3.5,3.6,1.3,3.4,2.2,49,38,2,-2.2
113,Spencer Dinwiddie,LAL,30,65,30,35,29,10.9,3.5,9,39.3,1.6,5,32.8,2.2,2.8,78.8,0.4,2.3,2.7,5.2,1.2,0.7,0.2,1.8,23.6,4,0,0.7
114,Mike Conley,MIN,36,66,47,19,29,11,3.7,8.3,44.8,2.2,5.2,42.7,1.3,1.5,89.7,0.5,2.4,2.9,6,1.2,1.1,0.2,1.7,26.3,4,0,4.3
115,Immanuel Quickley,TOR,24,62,26,36,28.9,16.4,5.6,13,43.2,2.5,6.2,39.6,2.7,3.3,82.9,0.2,3.4,3.6,4.6,1.4,0.7,0.1,1.6,28.8,6,0,-0.5
116,Eric Gordon,PHX,35,59,35,24,28.8,11.8,4.3,9.4,45.6,2.4,6,39.4,0.8,1,79.7,0.3,1.7,2,2.2,1.2,0.9,0.5,1.3,20.4,0,0,1.7
117,Malcolm Brogdon,POR,31,39,15,24,28.7,15.7,5.6,12.7,44,2.1,5.1,41.2,2.4,3,81.9,0.7,3.1,3.8,5.5,1.5,0.7,0.2,1.5,29.7,4,0,-2.1
118,Caris LeVert,CLE,29,60,35,25,28.6,13.7,5,12.2,41,1.6,5,31.7,2.2,2.9,74.7,0.6,3.5,4,5.3,1.6,1.1,0.5,1.8,29.5,6,0,1.9
119,Ayo Dosunmu,CHI,24,70,34,36,28.6,11.8,4.6,9.3,49.4,1.5,3.9,39.9,1.1,1.3,80.6,0.7,2.1,2.8,3.1,1.3,0.9,0.5,2.1,22.5,1,0,-2.1
120,De'Andre Hunter,ATL,26,47,22,25,28.6,15.6,5.3,11.3,47,2,5,40.5,3,3.4,87,0.6,3.1,3.6,1.4,1.3,0.7,0.3,2.6,24,1,0,-0.4
121,Duncan Robinson,MIA,29,63,35,28,28.5,13.5,4.7,10.3,45.7,2.9,7.1,40.5,1.2,1.4,88.6,0.2,2.3,2.6,3,1.4,0.7,0.2,2.4,22.4,0,0,1
122,Jaden Ivey,DET,22,68,12,56,28.5,15.2,5.3,12.3,43.4,1.5,4.6,32.6,3.1,4,75.9,1.2,2.3,3.5,3.7,2.5,0.8,0.6,2.8,26.4,1,0,-4.6
123,Dorian Finney-Smith,BKN,30,62,24,38,28.4,8.7,3.2,7.6,42.2,1.8,5.1,35.7,0.5,0.6,75,1.7,3,4.7,1.6,0.8,0.8,0.6,2.3,20.1,0,0,-1.2
124,Luguentz Dort,OKC,24,68,47,21,28.3,10.8,3.6,8.2,44.4,2,5,40.4,1.5,1.8,84.2,1,2.7,3.7,1.4,0.9,0.9,0.6,3,20.8,0,0,4.6
125,Kyle Lowry,PHI,38,52,26,26,28.2,8.1,2.7,6.5,41.7,1.6,4.3,37.6,1,1.2,84.4,0.6,2.8,3.4,4.2,1.4,1.1,0.3,2.4,21.1,2,0,-1
126,Bruce Brown,TOR,27,60,25,35,28.2,10.9,4.2,8.9,46.6,0.8,2.5,31.3,1.8,2.2,84.6,0.9,3.6,4.4,2.9,1.3,0.9,0.3,2.2,22.9,2,0,-2.1
127,Bojan Bogdanovic,NYK,34,46,13,33,28.2,16.3,5.7,12.8,44.7,2.5,6.4,39.3,2.3,2.9,78.5,0.4,2.5,2.9,2,2,0.6,0.1,1.9,22.9,1,0,-7
128,Alex Caruso,CHI,30,63,30,33,28.1,10,3.5,7.6,46.4,1.8,4.6,39.4,1.1,1.5,76.1,0.9,2.9,3.8,3.2,1.3,1.6,1,2.6,25.8,1,0,0.3
129,Taurean Prince,LAL,30,67,36,31,28,9.1,3.3,7.5,44.2,1.9,4.8,38.9,0.6,0.8,71.4,0.2,2.7,3,1.6,0.9,0.8,0.5,2,18,0,0,-2
130,John Collins,UTA,26,66,27,39,28,14.8,5.8,10.9,52.9,1.2,3.4,35.9,2,2.6,78,2.3,6.1,8.5,1.2,1.4,0.6,0.9,2.8,29.7,23,0,-4.6
131,De'Anthony Melton,PHI,25,36,23,13,27.8,11.5,3.8,9.7,39.1,2.1,5.8,36.2,1.8,2.2,83.5,0.8,3.1,3.8,3.1,1.1,1.6,0.4,2.3,25.5,0,0,5.9
132,Cameron Johnson,BKN,28,55,19,36,27.8,13.7,4.9,10.8,45.2,2.5,6.2,39.7,1.5,1.9,78.1,1,3.4,4.4,2.5,1,0.8,0.2,1.8,24.9,1,0,-1.2
133,Gary Trent Jr.,TOR,25,64,22,42,27.7,13.1,4.8,11.4,42.2,2.5,6.3,40.1,1,1.3,76.5,0.4,2.2,2.6,1.5,0.6,1,0.2,1.3,21.4,1,0,-2.3
134,Trey Murphy III,NOP,23,46,30,16,27.7,14,4.6,10.7,43.5,2.8,7.7,36.8,1.9,2.4,78.4,0.7,3.8,4.5,2,0.6,0.8,0.5,1.2,25.7,0,0,5.6
135,Isaac Okoro,CLE,23,63,38,25,27.6,9.6,3.5,7.2,48.8,1.3,3.2,38.9,1.3,1.9,68,1,2.1,3.1,2,0.8,0.9,0.5,2.1,19.6,0,0,0.7
136,Vince Williams Jr.,MEM,23,52,18,34,27.6,10,3.3,7.3,44.6,1.5,4,37.8,2,2.5,80,1.1,4.4,5.6,3.4,1.8,0.9,0.7,2.6,24.7,3,0,-1.8
137,Tim Hardaway Jr.,DAL,32,68,41,27,27.6,15.3,5.2,12.9,40.5,2.8,7.9,35.8,2,2.3,85.4,0.3,3,3.3,1.7,0.9,0.5,0.1,1.4,22.8,0,0,0.5
138,Aaron Nesmith,IND,24,63,35,28,27.5,12.3,4.4,8.8,49.8,2,4.7,44,1.5,1.9,75.4,0.9,2.9,3.7,1.5,0.9,1,0.7,3.4,23.2,1,0,1.7
139,Grant Williams,CHA,25,67,31,36,27.4,9.6,3.3,7.7,43.6,1.6,4.5,36.1,1.3,1.7,77.2,1.1,2.9,4,1.9,1.4,0.6,0.5,2.9,19.2,2,0,-3
140,Donte DiVincenzo,NYK,27,70,43,27,27.4,14.9,5.3,12,44.2,3.3,8.4,40,1,1.3,73.4,0.8,2.7,3.5,2.6,1.4,1.3,0.4,2.1,26.8,0,0,1.6
141,Patrick Williams,CHI,22,43,19,24,27.3,10,3.7,8.3,44.3,1.4,3.4,39.9,1.2,1.5,78.8,1.1,2.8,3.9,1.5,1.3,0.9,0.8,2,20.7,0,0,-0.3
142,Caleb Martin,MIA,28,54,30,24,27.3,10.3,3.9,8.8,44,1.3,3.6,36.8,1.3,1.6,78.2,1.2,3.4,4.6,2,1.2,0.8,0.4,2.1,21.2,2,0,0.4
143,Myles Turner,IND,28,69,39,30,27.3,17.1,6.2,11.9,52.1,1.5,4.1,35.4,3.2,4.2,77.2,1.5,5.4,7,1.3,1.4,0.5,1.8,3.1,33,15,0,2.3
144,Bilal Coulibaly,WAS,19,63,11,52,27.2,8.4,3,6.9,43.5,1,2.9,34.6,1.5,2.1,70.2,0.9,3.2,4.1,1.7,1.4,0.9,0.8,2.2,19.6,1,0,-6.7
145,Al Horford,BOS,37,59,46,13,27.2,8.5,3.2,6.4,50.4,1.7,3.9,42.1,0.4,0.5,89.3,1.3,5.2,6.5,2.6,0.7,0.6,1,1.5,24.2,3,0,6.5
146,Jusuf Nurkic,PHX,29,68,42,26,27.2,11.3,4.4,8.5,51.6,0.3,1.3,24.1,2.2,3.4,63.2,2.9,8,11,3.8,2.3,1,1,3.3,33.8,24,0,5.1
147,Scoot Henderson,POR,20,53,16,37,27.2,13.2,4.6,12.1,37.8,1.2,4,30.5,2.8,3.4,82.6,0.8,2.2,3.1,4.8,3.1,0.7,0.2,3.1,23.7,5,0,-6.6
148,Draymond Green,GSW,34,45,25,20,27,8.9,3.4,7.1,48.6,1,2.4,39.1,1.1,1.4,75.4,1.4,5.9,7.3,6,2.4,0.8,0.9,3,29.3,7,1,2.7
149,Tre Jones,SAS,24,67,15,52,26.9,9.8,3.8,7.4,51.3,0.8,2.3,33.8,1.4,1.6,87.9,0.7,2.7,3.4,6.1,1.4,1,0.1,1.2,24.9,3,0,-1
150,Cody Martin,CHA,28,28,7,21,26.9,7.5,2.9,7.7,38.1,1,3.1,31.4,0.7,1.2,60.6,0.7,3.2,3.9,3.7,1.6,1.1,0.6,1.7,21.6,1,0,-5.6
151,Brandin Podziemski,GSW,21,62,31,31,26.9,9.4,3.7,8.2,44.7,1.3,3.3,37.9,0.8,1.2,62.7,1.6,4.1,5.7,3.8,1.3,0.9,0.2,1.7,23.9,7,0,3.6
152,Mark Williams,CHA,22,19,7,12,26.8,12.7,5.2,7.9,64.9,0,0,0,2.4,3.4,71.9,4,5.7,9.7,1.2,0.9,0.8,1.1,2.6,30.9,8,0,-1.1
153,Jalen Suggs,ORL,22,64,38,26,26.7,12.5,4.5,9.6,46.4,2.1,5.3,39.8,1.5,1.9,75.6,0.7,2.5,3.2,2.6,1.9,1.4,0.6,2.8,24.3,0,0,0.7
154,Andrew Wiggins,GSW,29,61,29,32,26.7,12.7,4.8,10.6,45.5,1.2,3.3,36,1.8,2.5,72.8,1.6,2.8,4.4,1.7,1.1,0.6,0.5,2.1,22.5,3,0,-1.7
155,Nick Richards,CHA,26,61,12,49,26.6,9.8,3.9,5.7,68.1,0,0,0,2.1,2.8,73.7,2.7,5.6,8.3,0.8,1.1,0.4,1.2,2.6,24.6,18,0,-6.7
156,Josh Green,DAL,23,54,31,23,26.6,8.5,3.2,6.6,49.3,1.3,3.3,40.1,0.7,1,67.3,0.7,2.5,3.2,2.3,1.1,0.8,0.2,1.9,17.8,0,0,-0.9
157,Santi Aldama,MEM,23,59,22,37,26.6,10.9,4.1,9.5,43.6,1.8,5,35.1,0.9,1.5,62.1,1.2,4.7,5.9,2.3,1.2,0.7,0.9,1.4,25,5,0,-4.5
158,Chris Paul,GSW,38,46,23,23,26.5,9.4,3.6,8,44.3,1.4,3.7,38.5,0.9,1,83.3,0.4,3.6,4,7,1.1,1.2,0.1,1.9,27.2,5,0,1.2
159,Buddy Hield,PHI,31,74,38,36,26.4,12.2,4.5,10.3,43.6,2.7,6.9,38.4,0.6,0.6,87.2,0.6,2.5,3.2,3,1.2,0.9,0.5,2,23.4,1,0,0.3
160,Khris Middleton,MIL,32,46,29,17,26.4,15,5.7,11.6,49.3,1.7,4.5,38,1.9,2.3,83.7,0.7,3.7,4.4,5.2,2.2,0.9,0.3,2.5,29.5,5,1,3.7
161,Keyonte George,UTA,20,65,25,40,26.4,12.8,4.2,10.6,39.3,1.9,5.7,33.9,2.5,3,84,0.2,2.7,2.9,4.5,2.3,0.5,0.1,1.2,22.6,1,0,-4.6
162,Jakob Poeltl,TOR,28,50,21,29,26.4,11.1,5,7.6,65.6,0,0,0,1.2,2.1,55.1,2.9,5.7,8.6,2.5,1.5,0.7,1.5,3,30.3,20,0,-0.3
163,Malik Monk,SAC,26,70,42,28,26.3,15.7,5.6,12.5,44.4,2.1,6,35.2,2.4,2.9,83.3,0.4,2.6,3,5.2,2.1,0.6,0.5,2.2,28.5,2,0,0.4
164,Jonathan Kuminga,GSW,21,69,35,34,26.3,16.3,6.2,11.8,52.8,0.7,2.3,32.1,3.1,4.1,74.1,1.2,3.5,4.7,2.1,1.7,0.7,0.5,2.3,27.1,4,0,1.6
165,Ivica Zubac,LAC,27,59,35,24,26.2,11.3,4.8,7.4,65.4,0,0,0,1.7,2.4,69.4,2.9,6.2,9.1,1.4,1.2,0.3,1.2,2.7,27.7,17,0,2.9
166,Gordon Hayward,OKC,34,41,19,22,26.2,10.5,3.9,8.6,45.5,0.7,1.9,39,1.9,2.5,75.7,0.9,3.1,4,3.6,1.5,0.8,0.3,1.5,22.4,0,0,-3.4
167,Collin Sexton,UTA,25,72,29,43,26.2,18.5,6.4,13.1,49.3,1.7,4.2,40.5,4,4.6,86.1,0.9,1.7,2.6,4.8,2,0.8,0.2,1.9,29.9,4,0,-1.1
168,Bennedict Mathurin,IND,21,59,33,26,26.1,14.5,5,11.2,44.6,1.4,3.6,37.4,3.1,3.8,82.1,1,2.9,4,2,1.6,0.6,0.2,2,23.1,3,0,-1.6
169,Wendell Carter Jr.,ORL,24,44,25,19,26.1,11.3,4.2,7.8,53,1.1,3,38.2,1.8,2.6,69.8,2,4.9,7,1.8,1.3,0.5,0.5,2.2,24.2,6,0,0.7
170,Norman Powell,LAC,30,67,41,26,26,14.1,5,10.1,49.3,2.2,5.1,43.7,1.9,2.3,83.4,0.2,2.4,2.6,1.1,0.9,0.6,0.3,1.9,20.6,0,0,2.1
171,Rui Hachimura,LAL,26,57,32,25,25.8,12.7,5,9.5,52.8,1.3,3.2,40.8,1.4,1.9,72.5,0.7,3,3.8,1.1,0.7,0.6,0.3,1.5,21,0,0,1.6
172,Josh Richardson,MIA,30,43,24,19,25.6,9.9,3.6,8.1,44.4,1.5,4.4,34.7,1.2,1.3,94.4,0.4,2.4,2.8,2.4,0.8,0.6,0.3,1.8,18.7,0,0,-2.5
173,Onyeka Okongwu,ATL,23,55,23,32,25.5,10.2,4.1,6.6,61.1,0.4,1.3,33.3,1.7,2.1,79.3,2.6,4.2,6.8,1.3,0.8,0.5,1.1,2.9,24.3,8,0,-0.6
174,Gabe Vincent,LAL,27,5,2,3,25.5,5.4,2.4,6.4,37.5,0.4,3.4,11.8,0.2,0.4,50,0.4,0.6,1,3,0.4,1.2,0,2.4,14.3,0,0,-0.4
175,Terance Mann,LAC,27,64,40,24,25.4,8.4,3.2,6.6,48.8,1,2.8,34.3,1,1.2,82.3,1.2,2.1,3.3,1.7,0.6,0.6,0.2,1.9,16.7,1,0,0.8
176,Clint Capela,ATL,29,63,29,34,25.3,11.4,4.8,8.6,56,0,0,0,1.8,2.7,64.7,4.7,5.8,10.6,1.2,0.9,0.5,1.5,2.3,30.8,32,0,-0.6
177,Luke Kennard,MEM,27,36,13,23,25.2,11.1,3.6,8,45.3,2.8,6.1,45.4,1.1,1.2,88.6,0.3,2.5,2.8,3.3,1.3,0.5,0,1.1,19.8,0,0,-4.2
178,Ausar Thompson,DET,21,63,10,53,25.1,8.8,3.7,7.6,48.3,0.3,1.8,18.6,1.1,1.9,59.7,2,4.3,6.4,1.9,1.3,1.1,0.9,2.8,24.1,2,0,-3.7
179,Isaiah Hartenstein,NYK,25,65,41,24,25,7.3,3,4.7,63.2,0,0,33.3,1.4,1.9,72.4,3.3,5.2,8.5,2.3,1.1,1.1,1.2,2.8,26.5,7,0,4.9
180,Royce O'Neale,PHX,30,69,31,38,24.9,7.8,2.8,6.9,39.7,2,5.4,37.2,0.3,0.4,67.7,0.8,4,4.8,2.8,1,0.7,0.6,2.2,20.8,3,0,1
181,Simone Fontecchio,DET,28,66,29,37,24.9,10.5,3.8,8.3,46,2,5.1,40.1,0.8,1,81.8,1,2.8,3.7,1.5,1,0.7,0.3,1.7,19.3,0,0,-0.4
182,Daniel Gafford,DAL,25,64,22,42,24.8,11.2,4.7,6.5,71.6,0,0,0,1.8,2.6,69.9,2.8,5.1,7.9,1.5,1,0.9,2.1,3.1,30.9,14,0,-2.1
183,Toumani Camara,POR,23,69,19,50,24.8,7.4,2.8,6.2,44.3,0.8,2.4,32.7,1.1,1.4,75.8,2,2.9,4.9,1.2,1.2,0.9,0.5,2.5,18.2,2,0,-2.7
184,Nicolas Batum,PHI,35,50,28,22,24.7,5,1.8,4,45,1.1,2.9,38.5,0.3,0.4,71.4,1.2,2.8,4,2,0.7,0.8,0.7,1.9,16.6,0,0,2.5
185,Josh Giddey,OKC,21,69,49,20,24.6,11.6,4.7,10.3,46.1,1,3,33.5,1.1,1.3,83.1,1.4,4.8,6.1,4.5,2,0.7,0.5,1.3,27.3,6,1,4.2
186,Andrew Nembhard,IND,24,59,35,24,24.5,9.2,3.9,7.7,49.9,0.8,2.4,35.2,0.6,0.8,80,0.5,1.5,2,4.2,1.5,0.9,0.1,2.1,19.3,1,0,0.5
187,Kevin Huerter,SAC,25,64,37,27,24.4,10.2,3.9,8.8,44.3,1.9,5.3,36.1,0.6,0.7,76.6,0.6,2.9,3.5,2.6,0.8,0.7,0.4,2.1,20.7,2,0,1.2
188,Bobby Portis,MIL,29,71,46,25,24.3,13.4,5.5,10.9,50.2,1.2,3,39,1.3,1.6,78.4,1.6,5.6,7.2,1.2,1,0.8,0.4,2.3,26.3,12,0,0.2
189,Jonas Valanciunas,NOP,31,71,44,27,24.3,12.5,5,8.9,56.3,0.5,1.5,34,2,2.5,79.7,2.4,6.8,9.2,2.1,1.3,0.4,0.9,2.8,29.4,31,0,2.6
190,Corey Kispert,WAS,25,70,14,56,24.1,12.7,4.5,9.4,48.1,2.2,5.8,37.7,1.4,1.9,73.1,0.4,2.3,2.7,1.8,1.2,0.5,0.2,1.7,19.5,1,0,-5.4
191,Killian Hayes,DET,22,42,7,35,24,6.9,2.8,6.7,41.3,0.5,1.8,29.7,0.8,1.2,66,0.3,2.6,2.8,4.9,1.2,0.9,0.5,1.8,20.4,0,0,-5.8
192,Ben Simmons,BKN,27,15,7,8,23.9,6.1,2.9,4.9,58.1,0,0,0,0.4,1,40,2.1,5.9,7.9,5.7,1.8,0.8,0.6,2.4,26.7,3,0,-2.5
193,Jae Crowder,MIL,33,40,23,17,23.8,6.5,2.4,5.4,44.9,1.2,3.3,36.8,0.5,0.7,69.2,0.6,2.8,3.3,1.4,0.5,0.9,0.2,1.7,15.3,0,0,-1
194,GG Jackson,MEM,19,38,11,27,23.8,13.5,4.6,10.5,43.5,2,5.5,36.4,2.3,3.1,74.6,1.2,2.7,3.8,1,1.2,0.5,0.5,1.3,21.3,0,0,-3.4
195,Dereck Lively II,DAL,20,52,32,20,23.8,8.9,4.1,5.4,75.3,0,0,0,0.8,1.5,50.6,2.5,4.4,6.9,1.1,1,0.7,1.4,2.7,24,8,0,2.1
196,Vit Krejci,ATL,23,11,5,6,23.7,5.9,2.2,4.6,47.1,1.2,2.9,40.6,0.4,0.5,80,0.4,1.4,1.7,2.4,0.8,0.6,0.4,2.2,13.7,0,0,2.2
197,Naz Reid,MIN,24,70,49,21,23.6,13.1,4.9,10.1,48.4,2.1,4.9,42.1,1.3,1.7,75.6,1,4.1,5.1,1.2,1.3,0.7,0.9,2.1,24.4,4,0,3.6
198,Nickeil Alexander-Walker,MIN,25,71,49,22,23.6,7.6,2.7,6.3,43.3,1.5,3.9,38.2,0.6,0.8,80,0.5,1.6,2.1,2.5,0.9,0.8,0.5,1.8,17,0,0,3.5
199,Walker Kessler,UTA,22,60,26,34,23.5,8.3,3.7,5.6,65.8,0.1,0.3,21.1,0.9,1.5,58.4,2.6,5.1,7.7,0.9,1,0.5,2.5,2.1,26.7,7,0,-2.2
200,Scotty Pippen Jr.,MEM,23,11,2,9,23.4,11.6,3.9,7.7,50.6,1.6,3,54.5,2.2,3.2,68.6,1,2.3,3.3,4.7,2.4,1.3,0.5,2.5,25.5,0,0,-1.8